id,userId,courseId,status,createdAt,updatedAt,phi_coc,link_anh_coc,startedAt
1,0,1,ACTIVE,06/08/2023 6:08:37,,0,no_link.com,
2,3,3,ACTIVE,06/12/2023 18:49:41,,386000,no_link.com,
3,2,3,ACTIVE,06/12/2023 21:14:54,,386000,no_link.com,
4,1,3,ACTIVE,06/12/2023 21:33:35,,386000,no_link.com,
5,5,3,ACTIVE,06/12/2023 21:39:13,,386000,no_link.com,
6,4,3,ACTIVE,06/12/2023 21:41:26,,386000,no_link.com,
7,6,3,ACTIVE,06/12/2023 22:15:07,,386000,no_link.com,
8,8,3,ACTIVE,07/12/2023 10:01:55,,386000,no_link.com,
9,9,3,ACTIVE,07/12/2023 11:10:56,,386000,no_link.com,
10,10,3,ACTIVE,07/12/2023 19:25:49,,386000,no_link.com,
11,11,3,ACTIVE,07/12/2023 21:49:27,,386000,no_link.com,
12,12,3,ACTIVE,09/12/2023 6:13:10,,386000,no_link.com,
13,13,3,ACTIVE,09/12/2023 12:22:29,,386000,no_link.com,
14,14,3,ACTIVE,09/12/2023 20:51:04,,386000,no_link.com,
15,15,3,ACTIVE,10/12/2023 9:43:50,,386000,no_link.com,
16,16,3,ACTIVE,10/12/2023 23:56:07,,386000,no_link.com,
17,17,3,ACTIVE,11/12/2023 0:47:24,,386000,no_link.com,
18,19,3,ACTIVE,11/12/2023 16:43:10,,386000,no_link.com,
19,20,3,ACTIVE,11/12/2023 22:05:27,,386000,no_link.com,
20,21,3,ACTIVE,12/12/2023 22:49:10,,386000,no_link.com,
21,22,3,ACTIVE,13/12/2023 17:45:41,,386000,no_link.com,
22,23,3,ACTIVE,13/12/2023 19:15:41,,386000,no_link.com,
23,24,3,ACTIVE,13/12/2023 22:18:42,,386000,no_link.com,
24,25,3,ACTIVE,16/12/2023 8:37:41,,386000,no_link.com,
25,26,3,ACTIVE,16/12/2023 13:15:03,,386000,no_link.com,
26,27,3,ACTIVE,18/12/2023 9:09:11,,386000,no_link.com,
27,28,3,ACTIVE,21/12/2023 14:07:12,,386000,no_link.com,
28,29,3,ACTIVE,21/12/2023 23:35:07,,386000,no_link.com,
29,30,3,ACTIVE,23/12/2023 20:43:01,,386000,no_link.com,
30,31,3,ACTIVE,25/12/2023 15:20:27,,386000,no_link.com,
31,32,3,ACTIVE,25/12/2023 18:39:28,,386000,no_link.com,
32,34,3,ACTIVE,27/12/2023 20:09:33,,386000,no_link.com,
33,35,3,ACTIVE,29/12/2023 7:22:39,,386000,no_link.com,
34,36,3,ACTIVE,29/12/2023 10:46:40,,386000,no_link.com,
35,37,3,ACTIVE,29/12/2023 22:16:25,,386000,no_link.com,
36,38,3,ACTIVE,30/12/2023 8:16:21,,386000,no_link.com,
37,39,3,ACTIVE,03/01/2024 20:59:15,,386000,no_link.com,
38,40,3,ACTIVE,04/01/2024 14:31:08,,386000,no_link.com,
39,41,3,ACTIVE,05/01/2024 11:06:25,,386000,no_link.com,
40,42,3,ACTIVE,05/01/2024 16:10:15,,386000,no_link.com,
41,43,3,ACTIVE,07/01/2024 18:03:17,,386000,no_link.com,
42,44,3,ACTIVE,07/01/2024 19:35:35,,386000,no_link.com,
43,45,3,ACTIVE,09/01/2024 11:53:48,,386000,no_link.com,
44,46,3,ACTIVE,09/01/2024 12:00:14,,386000,no_link.com,
45,47,3,ACTIVE,09/01/2024 12:34:58,,386000,no_link.com,
46,48,3,ACTIVE,09/01/2024 14:47:31,,386000,no_link.com,
47,49,3,ACTIVE,09/01/2024 16:01:29,,386000,no_link.com,
48,50,3,ACTIVE,09/01/2024 16:23:01,,386000,no_link.com,
49,52,3,ACTIVE,09/01/2024 21:11:35,,386000,no_link.com,
50,53,3,ACTIVE,09/01/2024 23:18:21,,386000,no_link.com,
51,54,3,ACTIVE,09/01/2024 23:24:04,,386000,no_link.com,
52,55,3,ACTIVE,09/01/2024 23:43:15,,386000,no_link.com,
53,56,3,ACTIVE,10/01/2024 10:15:59,,386000,no_link.com,
54,57,3,ACTIVE,16/01/2024 8:12:01,,386000,no_link.com,
55,58,3,ACTIVE,16/01/2024 9:00:20,,386000,no_link.com,
56,59,3,ACTIVE,16/01/2024 11:10:00,,386000,no_link.com,
57,60,3,ACTIVE,16/01/2024 17:08:55,,386000,no_link.com,
58,61,3,ACTIVE,16/01/2024 17:52:06,,386000,no_link.com,
59,62,3,ACTIVE,19/01/2024 10:31:20,,386000,no_link.com,
60,63,3,ACTIVE,25/01/2024 7:20:56,,386000,no_link.com,
61,64,3,ACTIVE,25/01/2024 12:13:47,,386000,no_link.com,
62,65,3,ACTIVE,29/01/2024 12:18:57,,386000,no_link.com,
63,66,3,ACTIVE,04/02/2024 0:10:56,,386000,no_link.com,
64,67,3,ACTIVE,04/02/2024 12:17:09,,386000,no_link.com,
65,68,3,ACTIVE,06/02/2024 10:39:51,,386000,no_link.com,
66,69,3,ACTIVE,13/02/2024 21:05:44,,386000,no_link.com,
67,70,3,ACTIVE,16/02/2024 7:13:18,,386000,no_link.com,
68,71,3,ACTIVE,16/02/2024 7:30:49,,386000,no_link.com,
69,72,3,ACTIVE,17/02/2024 11:11:05,,386000,no_link.com,
70,73,3,ACTIVE,25/02/2024 10:35:12,,386000,no_link.com,
71,74,3,ACTIVE,25/02/2024 16:43:34,,386000,no_link.com,
72,75,3,ACTIVE,27/02/2024 12:52:30,,386000,no_link.com,
73,76,3,ACTIVE,06/03/2024 22:37:35,,386000,no_link.com,
74,77,3,ACTIVE,07/03/2024 19:27:07,,386000,no_link.com,
75,78,3,ACTIVE,08/03/2024 7:54:50,,386000,no_link.com,
76,79,3,ACTIVE,08/03/2024 8:11:40,,386000,no_link.com,
77,80,3,ACTIVE,08/03/2024 12:18:53,,386000,no_link.com,
78,81,3,ACTIVE,08/03/2024 22:10:43,,386000,no_link.com,
79,82,3,ACTIVE,08/03/2024 23:34:58,,386000,no_link.com,
80,83,3,ACTIVE,09/03/2024 0:01:07,,386000,no_link.com,
81,84,3,ACTIVE,09/03/2024 1:38:48,,386000,no_link.com,
82,85,3,ACTIVE,11/03/2024 7:26:56,,386000,no_link.com,
83,86,3,ACTIVE,11/03/2024 9:21:06,,386000,no_link.com,
84,87,3,ACTIVE,11/03/2024 10:16:47,,386000,no_link.com,
85,88,3,ACTIVE,11/03/2024 11:25:56,,386000,no_link.com,
86,89,3,ACTIVE,12/03/2024 20:45:00,,386000,no_link.com,
87,90,3,ACTIVE,13/03/2024 9:56:22,,386000,no_link.com,
88,91,3,ACTIVE,14/03/2024 8:53:13,,386000,no_link.com,
89,92,3,ACTIVE,14/03/2024 21:39:05,,386000,no_link.com,
90,93,3,ACTIVE,15/03/2024 14:45:23,,386000,no_link.com,
91,94,3,ACTIVE,15/03/2024 15:31:35,,386000,no_link.com,
92,95,3,ACTIVE,16/03/2024 16:12:46,,386000,no_link.com,
93,96,3,ACTIVE,18/03/2024 12:00:13,,386000,no_link.com,
94,97,3,ACTIVE,18/03/2024 20:19:26,,386000,no_link.com,
95,98,3,ACTIVE,21/03/2024 15:14:33,,386000,no_link.com,
96,99,3,ACTIVE,26/03/2024 17:01:02,,386000,no_link.com,
97,100,3,ACTIVE,28/03/2024 16:14:23,,386000,no_link.com,
98,101,3,ACTIVE,28/03/2024 19:52:54,,386000,no_link.com,
99,102,3,ACTIVE,01/04/2024 21:09:21,,386000,no_link.com,
100,103,3,ACTIVE,02/04/2024 13:05:54,,386000,no_link.com,
101,104,3,ACTIVE,05/04/2024 8:51:21,,386000,no_link.com,
102,105,3,ACTIVE,16/04/2024 9:19:57,,386000,no_link.com,
103,106,3,ACTIVE,19/04/2024 12:32:51,,386000,no_link.com,
104,107,3,ACTIVE,20/04/2024 12:44:25,,386000,no_link.com,
105,108,3,ACTIVE,21/04/2024 6:21:05,,386000,no_link.com,
106,109,3,ACTIVE,21/04/2024 21:38:06,,386000,no_link.com,
107,110,3,ACTIVE,24/04/2024 0:13:07,,386000,no_link.com,
108,111,3,ACTIVE,24/04/2024 7:49:28,,386000,no_link.com,
109,112,3,ACTIVE,01/05/2024 20:25:50,,386000,no_link.com,
110,113,3,ACTIVE,04/05/2024 7:26:26,,386000,no_link.com,
111,114,3,ACTIVE,04/05/2024 8:16:39,,386000,no_link.com,
112,115,3,ACTIVE,14/05/2024 5:52:26,,386000,no_link.com,
113,116,3,ACTIVE,22/05/2024 22:28:27,,386000,no_link.com,
114,117,3,ACTIVE,27/05/2024 14:50:55,,386000,no_link.com,
115,118,3,ACTIVE,30/05/2024 17:07:52,,386000,no_link.com,
116,119,3,ACTIVE,08/08/2024 11:49:18,,386000,no_link.com,
117,120,3,ACTIVE,14/08/2024 17:31:13,,386000,no_link.com,
118,121,3,ACTIVE,15/08/2024 14:05:42,,386000,no_link.com,
119,122,3,ACTIVE,15/08/2024 20:40:01,,386000,no_link.com,
120,123,3,ACTIVE,16/08/2024 14:24:31,,386000,no_link.com,
121,124,5,ACTIVE,23/08/2024 20:09:07,,0,no_link.com,
122,125,3,ACTIVE,23/08/2024 20:09:07,,386000,no_link.com,
123,126,3,ACTIVE,23/08/2024 20:13:04,,386000,no_link.com,
124,127,3,ACTIVE,23/08/2024 20:41:14,,386000,no_link.com,
125,128,3,ACTIVE,23/08/2024 20:47:35,,386000,no_link.com,
126,129,3,ACTIVE,23/08/2024 20:49:08,,386000,no_link.com,
127,130,3,ACTIVE,23/08/2024 21:06:04,,386000,no_link.com,
128,131,3,ACTIVE,02/09/2024 9:42:33,,386000,no_link.com,
129,132,3,ACTIVE,04/09/2024 8:24:39,,386000,no_link.com,
130,133,3,ACTIVE,04/09/2024 9:02:10,,386000,no_link.com,
131,134,3,ACTIVE,04/09/2024 11:07:31,,386000,no_link.com,
132,135,3,ACTIVE,04/09/2024 18:39:01,,386000,no_link.com,
133,136,3,ACTIVE,10/09/2024 11:12:30,,386000,no_link.com,
134,137,3,ACTIVE,10/09/2024 15:36:22,,386000,no_link.com,
135,138,3,ACTIVE,16/09/2024 14:35:14,,386000,no_link.com,
136,139,3,ACTIVE,16/09/2024 20:48:23,,386000,no_link.com,
137,140,3,ACTIVE,16/09/2024 22:36:52,,386000,no_link.com,
138,141,3,ACTIVE,21/09/2024 8:45:00,,386000,no_link.com,
139,142,3,ACTIVE,02/10/2024 14:23:14,,386000,no_link.com,
140,143,3,ACTIVE,02/10/2024 15:33:13,,386000,no_link.com,
141,144,3,ACTIVE,03/10/2024 11:41:26,,386000,no_link.com,
142,145,3,ACTIVE,03/10/2024 11:44:46,,386000,no_link.com,
143,146,3,ACTIVE,04/10/2024 9:11:05,,386000,no_link.com,
144,147,3,ACTIVE,04/10/2024 9:58:19,,386000,no_link.com,
145,148,3,ACTIVE,04/10/2024 12:39:05,,386000,no_link.com,
146,149,3,ACTIVE,14/10/2024 11:35:01,,386000,no_link.com,
147,150,3,ACTIVE,20/10/2024 21:20:58,,386000,no_link.com,
148,151,3,ACTIVE,21/10/2024 15:45:24,,386000,no_link.com,
149,152,3,ACTIVE,22/10/2024 22:17:07,,386000,no_link.com,
150,153,3,ACTIVE,24/10/2024 14:43:04,,386000,no_link.com,
151,154,3,ACTIVE,25/10/2024 20:56:07,,386000,no_link.com,
152,155,3,ACTIVE,25/10/2024 21:08:31,,386000,no_link.com,
153,156,3,ACTIVE,26/10/2024 17:03:47,,386000,no_link.com,
154,157,3,ACTIVE,29/10/2024 5:40:10,,386000,no_link.com,
155,158,3,ACTIVE,29/10/2024 7:51:01,,386000,no_link.com,
156,159,3,ACTIVE,30/10/2024 9:25:17,,386000,no_link.com,
157,160,3,ACTIVE,04/11/2024 11:22:32,,386000,no_link.com,
158,161,3,ACTIVE,04/11/2024 14:00:08,,386000,no_link.com,
159,162,3,ACTIVE,11/11/2024 7:52:00,,386000,no_link.com,
160,163,3,ACTIVE,13/11/2024 20:53:32,,386000,no_link.com,
161,164,3,ACTIVE,13/11/2024 20:54:33,,386000,no_link.com,
162,165,3,ACTIVE,14/11/2024 7:38:29,,386000,no_link.com,
163,166,3,ACTIVE,29/11/2024 9:22:23,,386000,no_link.com,
164,167,3,ACTIVE,01/12/2024 9:33:12,,386000,no_link.com,
165,168,3,ACTIVE,02/12/2024 8:39:04,,386000,no_link.com,
166,169,3,ACTIVE,03/12/2024 11:00:50,,386000,no_link.com,
167,170,3,ACTIVE,03/12/2024 11:06:22,,386000,no_link.com,
168,171,3,ACTIVE,24/12/2024 9:23:54,,386000,no_link.com,
169,172,3,ACTIVE,09/01/2025 20:59:18,,386000,no_link.com,
170,173,1,ACTIVE,16/01/2025 9:02:04,,0,no_link.com,
171,174,1,ACTIVE,16/01/2025 9:02:04,,0,no_link.com,
172,175,1,ACTIVE,04/02/2025 20:45:04,,0,no_link.com,
174,176,3,ACTIVE,04/02/2025 20:46:48,,0,no_link.com,
175,178,3,ACTIVE,04/02/2025 21:03:32,,0,no_link.com,
176,179,3,ACTIVE,04/02/2025 21:17:26,,0,no_link.com,
177,180,3,ACTIVE,04/02/2025 21:18:19,,0,no_link.com,
178,181,3,ACTIVE,04/02/2025 21:52:56,,0,no_link.com,
179,182,3,ACTIVE,05/02/2025 4:27:51,,0,no_link.com,
180,183,3,ACTIVE,05/02/2025 4:27:51,,0,no_link.com,
181,184,3,ACTIVE,05/02/2025 7:46:33,,0,no_link.com,
182,185,3,ACTIVE,05/02/2025 8:03:43,,0,no_link.com,
183,186,3,ACTIVE,05/02/2025 8:17:05,,0,no_link.com,
184,187,3,ACTIVE,05/02/2025 13:20:11,,0,no_link.com,
185,188,3,ACTIVE,05/02/2025 16:47:19,,0,no_link.com,
186,189,3,ACTIVE,05/02/2025 20:12:30,,0,no_link.com,
187,190,3,ACTIVE,06/02/2025 7:47:20,,0,no_link.com,
188,191,3,ACTIVE,06/02/2025 9:58:14,,0,no_link.com,
189,192,3,ACTIVE,06/02/2025 15:09:16,,0,no_link.com,
190,193,3,ACTIVE,06/02/2025 18:02:00,,0,no_link.com,
191,194,3,ACTIVE,06/02/2025 23:00:26,,0,no_link.com,
192,195,3,ACTIVE,07/02/2025 6:41:26,,0,no_link.com,
193,196,3,ACTIVE,07/02/2025 9:03:38,,0,no_link.com,
194,197,3,ACTIVE,07/02/2025 9:51:52,,0,no_link.com,
195,198,3,ACTIVE,07/02/2025 9:58:35,,0,no_link.com,
196,199,3,ACTIVE,07/02/2025 10:29:32,,0,no_link.com,
197,200,3,ACTIVE,07/02/2025 10:58:24,,0,no_link.com,
198,201,3,ACTIVE,07/02/2025 11:37:21,,0,no_link.com,
199,202,3,ACTIVE,07/02/2025 12:04:59,,0,no_link.com,
200,203,3,ACTIVE,07/02/2025 14:24:40,,0,no_link.com,
201,204,3,ACTIVE,07/02/2025 15:38:41,,0,no_link.com,
202,205,3,ACTIVE,07/02/2025 16:32:59,,0,no_link.com,
203,206,3,ACTIVE,07/02/2025 16:50:12,,0,no_link.com,
204,207,3,ACTIVE,07/02/2025 19:08:09,,0,no_link.com,
205,209,3,ACTIVE,07/02/2025 19:50:20,,0,no_link.com,
206,210,3,ACTIVE,07/02/2025 19:56:52,,0,no_link.com,
207,211,3,ACTIVE,07/02/2025 20:03:44,,0,no_link.com,
208,212,3,ACTIVE,07/02/2025 20:40:02,,0,no_link.com,
209,213,3,ACTIVE,07/02/2025 22:44:35,,0,no_link.com,
210,214,3,ACTIVE,08/02/2025 10:26:45,,0,no_link.com,
211,216,3,ACTIVE,10/02/2025 20:41:02,,0,no_link.com,
212,217,3,ACTIVE,11/02/2025 14:41:01,,0,no_link.com,
213,218,3,ACTIVE,11/02/2025 15:07:12,,0,no_link.com,
214,219,3,ACTIVE,13/02/2025 8:00:43,,0,no_link.com,
215,220,3,ACTIVE,13/02/2025 9:07:03,,0,no_link.com,
216,221,3,ACTIVE,13/02/2025 15:28:34,,0,no_link.com,
217,177,3,ACTIVE,14/02/2025 19:57:57,,0,no_link.com,
218,222,3,ACTIVE,16/02/2025 22:12:16,,0,no_link.com,
219,223,3,ACTIVE,17/02/2025 21:48:17,,0,no_link.com,
220,224,3,ACTIVE,17/02/2025 22:48:41,,0,no_link.com,
221,225,3,ACTIVE,18/02/2025 7:37:06,,0,no_link.com,
222,226,3,ACTIVE,18/02/2025 8:41:28,,0,no_link.com,
223,227,3,ACTIVE,20/02/2025 14:11:00,,0,no_link.com,
224,229,3,ACTIVE,20/02/2025 14:11:00,,0,no_link.com,
225,230,3,ACTIVE,20/02/2025 15:43:00,,0,no_link.com,
226,231,3,ACTIVE,21/02/2025 15:32:57,,0,no_link.com,
227,232,3,ACTIVE,22/02/2025 11:15:20,,0,no_link.com,
228,233,3,ACTIVE,22/02/2025 11:22:48,,0,no_link.com,
229,234,3,ACTIVE,22/02/2025 15:00:59,,0,no_link.com,
230,235,3,ACTIVE,22/02/2025 16:35:44,,0,no_link.com,
231,236,3,ACTIVE,22/02/2025 16:56:02,,0,no_link.com,
232,237,3,ACTIVE,22/02/2025 18:01:21,,0,no_link.com,
233,238,3,ACTIVE,23/02/2025 15:25:45,,0,no_link.com,
234,180,1,ACTIVE,23/02/2025 19:59:33,,0,no_link.com,
235,191,1,ACTIVE,23/02/2025 20:24:31,,0,no_link.com,
236,7,1,ACTIVE,23/02/2025 21:00:05,,0,no_link.com,
237,266,1,ACTIVE,23/02/2025 21:29:39,,0,no_link.com,
238,239,3,ACTIVE,23/02/2025 21:46:07,,0,no_link.com,
239,16,1,ACTIVE,23/02/2025 21:51:54,,0,no_link.com,
240,181,1,ACTIVE,23/02/2025 23:22:55,,0,no_link.com,
241,205,1,ACTIVE,24/02/2025 8:00:13,,0,no_link.com,
242,199,1,ACTIVE,24/02/2025 10:13:16,,0,no_link.com,
243,240,3,ACTIVE,24/02/2025 17:02:02,,0,no_link.com,
244,163,1,ACTIVE,24/02/2025 20:40:34,,0,no_link.com,
245,241,1,ACTIVE,24/02/2025 22:17:39,,0,no_link.com,
247,125,1,ACTIVE,25/02/2025 10:02:19,,0,no_link.com,
248,183,1,ACTIVE,25/02/2025 10:17:01,,0,Đã chuyển khoản. Trân trọng biết ơn Thầy,
249,226,1,ACTIVE,25/02/2025 10:20:17,,0,no_link.com,
250,210,1,ACTIVE,25/02/2025 11:48:58,,0,no_link.com,
251,184,1,ACTIVE,25/02/2025 15:12:29,,0,no_link.com,
252,224,1,ACTIVE,25/02/2025 17:45:59,,0,no_link.com,
253,227,1,ACTIVE,25/02/2025 21:32:59,,0,no_link.com,
254,242,3,ACTIVE,26/02/2025 9:48:54,,0,no_link.com,
255,243,3,ACTIVE,26/02/2025 11:41:27,,0,no_link.com,
256,244,3,ACTIVE,26/02/2025 13:42:14,,0,no_link.com,
257,245,3,ACTIVE,26/02/2025 14:25:06,,0,no_link.com,
258,246,3,ACTIVE,27/02/2025 9:15:19,,0,no_link.com,
259,247,3,ACTIVE,27/02/2025 10:37:26,,0,no_link.com,
260,248,3,ACTIVE,27/02/2025 10:42:00,,0,no_link.com,
261,249,3,ACTIVE,27/02/2025 16:07:51,,0,no_link.com,
262,250,3,ACTIVE,28/02/2025 7:32:58,,0,no_link.com,
263,251,3,ACTIVE,28/02/2025 11:31:36,,0,no_link.com,
264,15,1,ACTIVE,28/02/2025 14:13:04,,0,no_link.com,
265,18,3,ACTIVE,01/01/1970 7:00:00,,0,no_link.com,
266,51,3,ACTIVE,09/01/2024 20:24:35,,0,no_link.com,
267,252,3,ACTIVE,28/02/2025 15:14:16,,0,no_link.com,
268,121,1,ACTIVE,28/02/2025 15:57:50,,0,no_link.com,
269,195,1,ACTIVE,28/02/2025 20:36:28,,0,no_link.com,
270,212,1,ACTIVE,01/03/2025 7:09:20,,0,Trân trọng biết ơn thầy ,
271,253,3,ACTIVE,02/03/2025 12:57:42,,0,no_link.com,
272,254,3,ACTIVE,03/03/2025 10:31:29,,0,no_link.com,
273,255,3,ACTIVE,03/03/2025 14:12:12,,0,no_link.com,
274,206,1,ACTIVE,03/03/2025 17:50:28,,0,no_link.com,
275,256,3,ACTIVE,04/03/2025 12:46:32,,0,no_link.com,
276,257,3,ACTIVE,04/03/2025 15:24:22,,0,no_link.com,
277,258,3,ACTIVE,05/03/2025 9:35:52,,0,no_link.com,
278,259,3,ACTIVE,05/03/2025 13:32:31,,0,no_link.com,
279,260,3,ACTIVE,05/03/2025 18:42:30,,0,no_link.com,
280,261,3,ACTIVE,06/03/2025 15:39:05,,0,no_link.com,
281,262,3,ACTIVE,09/03/2025 9:04:21,,0,no_link.com,
282,263,3,ACTIVE,10/03/2025 14:34:56,,0,no_link.com,
283,264,3,ACTIVE,10/03/2025 14:55:30,,0,no_link.com,
284,215,3,ACTIVE,10/03/2025 17:53:12,,0,no_link.com,
285,265,3,ACTIVE,12/03/2025 19:37:42,,0,no_link.com,
286,266,3,ACTIVE,14/03/2025 6:47:12,,0,no_link.com,
287,267,3,ACTIVE,14/03/2025 7:19:10,,0,no_link.com,
288,268,3,ACTIVE,14/03/2025 23:30:34,,0,no_link.com,
289,269,3,ACTIVE,17/03/2025 9:40:10,,0,no_link.com,
290,270,3,ACTIVE,17/03/2025 18:34:45,,0,no_link.com,
291,271,3,ACTIVE,18/03/2025 15:26:55,,0,no_link.com,
292,269,1,ACTIVE,20/03/2025 22:24:52,,0,Đã chuyển,
293,272,3,ACTIVE,21/03/2025 14:22:44,,0,no_link.com,
294,246,1,ACTIVE,23/03/2025 20:12:53,,0,Đã chuyển khoản,
295,273,3,ACTIVE,24/03/2025 15:13:42,,0,no_link.com,
296,274,3,ACTIVE,25/03/2025 13:38:47,,0,no_link.com,
297,275,3,ACTIVE,25/03/2025 21:38:21,,0,no_link.com,
298,276,3,ACTIVE,29/03/2025 12:37:27,,0,no_link.com,
299,277,3,ACTIVE,29/03/2025 21:16:21,,0,no_link.com,
300,278,3,ACTIVE,30/03/2025 8:47:10,,0,no_link.com,
301,279,3,ACTIVE,30/03/2025 15:41:12,,0,no_link.com,
302,280,3,ACTIVE,30/03/2025 16:22:39,,0,no_link.com,
303,275,1,ACTIVE,30/03/2025 20:06:05,,0,no_link.com,
304,281,3,ACTIVE,31/03/2025 7:45:04,,0,no_link.com,
305,282,3,ACTIVE,31/03/2025 11:13:17,,0,no_link.com,
306,283,3,ACTIVE,31/03/2025 12:31:03,,0,no_link.com,
307,284,3,ACTIVE,31/03/2025 12:53:47,,0,no_link.com,
308,285,3,ACTIVE,31/03/2025 20:44:17,,0,no_link.com,
309,286,3,ACTIVE,01/04/2025 16:16:03,,0,no_link.com,
310,287,3,ACTIVE,01/04/2025 18:12:42,,0,no_link.com,
311,288,3,ACTIVE,01/04/2025 18:19:19,,0,no_link.com,
312,289,3,ACTIVE,01/04/2025 18:28:28,,0,no_link.com,
313,290,3,ACTIVE,01/04/2025 19:13:16,,0,no_link.com,
314,291,3,ACTIVE,01/04/2025 22:30:06,,0,no_link.com,
315,292,3,ACTIVE,01/04/2025 22:50:31,,0,no_link.com,
316,293,3,ACTIVE,02/04/2025 8:48:02,,0,no_link.com,
317,294,3,ACTIVE,02/04/2025 12:34:49,,0,no_link.com,
318,295,3,ACTIVE,02/04/2025 16:21:49,,0,no_link.com,
319,296,3,ACTIVE,02/04/2025 17:30:51,,0,no_link.com,
320,245,1,ACTIVE,03/04/2025 19:38:03,,0,no_link.com,
321,297,3,ACTIVE,04/04/2025 12:31:45,,0,no_link.com,
322,298,3,ACTIVE,04/04/2025 18:16:55,,0,no_link.com,
323,299,3,ACTIVE,04/04/2025 18:22:14,,0,no_link.com,
324,300,3,ACTIVE,06/04/2025 13:55:36,,0,no_link.com,
325,301,3,ACTIVE,07/04/2025 11:57:13,,0,no_link.com,
326,187,1,ACTIVE,08/04/2025 8:35:44,,0,no_link.com,
327,294,1,ACTIVE,10/04/2025 17:31:00,,0,Đã ck,
328,302,3,ACTIVE,11/04/2025 9:05:56,,0,no_link.com,
329,303,3,ACTIVE,11/04/2025 13:12:18,,0,no_link.com,
330,33,3,ACTIVE,16/04/2025 17:57:46,,0,no_link.com,
331,305,3,ACTIVE,17/04/2025 11:28:02,,0,no_link.com,
332,306,1,ACTIVE,17/04/2025 11:43:05,,0,no_link.com,
333,307,3,ACTIVE,17/04/2025 15:40:12,,0,no_link.com,
334,308,3,ACTIVE,18/04/2025 15:58:52,,0,no_link.com,
335,309,3,ACTIVE,18/04/2025 16:08:03,,0,no_link.com,
336,310,3,ACTIVE,18/04/2025 16:46:31,,0,no_link.com,
337,311,3,ACTIVE,19/04/2025 18:14:10,,0,no_link.com,
338,312,3,ACTIVE,22/04/2025 10:30:14,,0,no_link.com,
339,313,3,ACTIVE,23/04/2025 7:46:18,,0,no_link.com,
340,314,3,ACTIVE,23/04/2025 8:44:49,,0,no_link.com,
341,315,3,ACTIVE,23/04/2025 13:45:41,,0,no_link.com,
342,316,3,ACTIVE,24/04/2025 20:17:32,,0,no_link.com,
343,315,1,ACTIVE,29/04/2025 9:04:12,,0,"Trân trọng biết ơn thầy Cương và các thầy cô ps, nhân mạch Nga Đỗ, em đã sẵn sàng cam kết",
344,296,1,ACTIVE,01/05/2025 23:22:13,,0,no_link.com,
345,26,1,ACTIVE,03/05/2025 19:29:03,,0,no_link.com,
346,317,1,ACTIVE,04/05/2025 8:22:32,,0,no_link.com,
347,214,1,ACTIVE,04/05/2025 13:20:01,,0,Cam kết đền đáp tiếp nối khi hoàn thành,
348,318,3,ACTIVE,05/05/2025 15:18:05,,0,no_link.com,
349,319,3,ACTIVE,06/05/2025 23:00:05,,0,no_link.com,
350,320,1,ACTIVE,08/05/2025 11:58:47,,0,no_link.com,
351,321,3,ACTIVE,08/05/2025 13:07:31,,0,no_link.com,
352,322,3,ACTIVE,08/05/2025 15:49:39,,0,no_link.com,
353,302,1,ACTIVE,09/05/2025 18:42:48,,0,Trân trọng biết ơn Thầy Cương ,
354,323,3,ACTIVE,09/05/2025 19:26:10,,0,no_link.com,
355,323,1,ACTIVE,09/05/2025 19:26:10,,0,no_link.com,
356,324,3,ACTIVE,09/05/2025 21:54:41,,0,no_link.com,
357,325,3,ACTIVE,12/05/2025 23:23:29,,0,no_link.com,
358,326,3,ACTIVE,13/05/2025 9:16:08,,0,no_link.com,
359,327,3,ACTIVE,13/05/2025 11:00:49,,0,no_link.com,
360,328,3,ACTIVE,13/05/2025 11:02:44,,0,no_link.com,
361,329,3,ACTIVE,13/05/2025 11:41:37,,0,no_link.com,
362,286,1,ACTIVE,13/05/2025 11:55:13,,0,no_link.com,
363,283,1,ACTIVE,13/05/2025 14:31:41,,0,no_link.com,
364,274,1,ACTIVE,13/05/2025 21:31:58,,0,no_link.com,
365,327,1,ACTIVE,14/05/2025 9:07:40,,0,no_link.com,
366,321,1,ACTIVE,15/05/2025 7:14:13,,0,no_link.com,
367,330,3,ACTIVE,15/05/2025 10:00:59,,0,no_link.com,
368,331,3,ACTIVE,15/05/2025 17:10:21,,0,no_link.com,
369,332,3,ACTIVE,16/05/2025 23:55:45,,0,no_link.com,
370,329,1,ACTIVE,18/05/2025 14:26:37,,0,no_link.com,
371,333,3,ACTIVE,19/05/2025 15:00:32,,0,no_link.com,
372,198,1,ACTIVE,19/05/2025 15:56:36,,0,no_link.com,
373,229,1,ACTIVE,19/05/2025 16:16:45,,0,no_link.com,
374,334,3,ACTIVE,19/05/2025 16:24:50,,0,no_link.com,
375,209,1,ACTIVE,19/05/2025 22:59:59,,0,no_link.com,
376,335,3,ACTIVE,20/05/2025 9:30:53,,0,no_link.com,
377,336,1,ACTIVE,20/05/2025 10:23:48,,0,no_link.com,
378,338,3,ACTIVE,20/05/2025 12:27:46,,0,no_link.com,
379,339,3,ACTIVE,20/05/2025 12:40:28,,0,no_link.com,
381,340,3,ACTIVE,20/05/2025 13:15:54,,0,no_link.com,
383,341,3,ACTIVE,20/05/2025 13:29:28,,0,no_link.com,
384,342,3,ACTIVE,20/05/2025 14:07:23,,0,no_link.com,
385,337,3,ACTIVE,20/05/2025 14:23:20,,0,no_link.com,
386,343,3,ACTIVE,20/05/2025 14:28:47,,0,no_link.com,
387,344,3,ACTIVE,20/05/2025 14:40:31,,0,no_link.com,
388,345,3,ACTIVE,20/05/2025 14:42:55,,0,no_link.com,
389,346,3,ACTIVE,21/05/2025 8:36:44,,0,no_link.com,
390,347,3,ACTIVE,21/05/2025 9:49:14,,0,no_link.com,
391,348,3,ACTIVE,21/05/2025 10:25:08,,0,no_link.com,
392,349,3,ACTIVE,21/05/2025 10:43:35,,0,no_link.com,
394,350,3,ACTIVE,21/05/2025 11:55:51,,0,no_link.com,
395,351,3,ACTIVE,21/05/2025 12:28:46,,0,no_link.com,
396,352,3,ACTIVE,21/05/2025 13:39:51,,0,no_link.com,
398,353,3,ACTIVE,21/05/2025 13:51:30,,0,no_link.com,
399,354,3,ACTIVE,21/05/2025 15:18:10,,0,no_link.com,
400,355,3,ACTIVE,21/05/2025 16:43:34,,0,no_link.com,
401,356,3,ACTIVE,22/05/2025 7:13:37,,0,no_link.com,
402,357,3,ACTIVE,22/05/2025 8:08:50,,0,no_link.com,
403,358,3,ACTIVE,22/05/2025 14:30:41,,0,no_link.com,
405,359,3,ACTIVE,23/05/2025 13:34:30,,0,no_link.com,
406,332,1,ACTIVE,23/05/2025 16:04:46,,0,Đã chuyển khoản,
407,362,3,ACTIVE,25/05/2025 8:03:04,,0,no_link.com,
408,368,3,ACTIVE,25/05/2025 14:58:42,,0,no_link.com,
410,371,3,ACTIVE,26/05/2025 7:38:47,,0,no_link.com,
411,365,3,ACTIVE,29/05/2025 4:30:11,,0,no_link.com,
412,366,3,ACTIVE,02/06/2025 15:01:16,,0,no_link.com,
414,367,3,ACTIVE,02/06/2025 15:02:51,,0,no_link.com,
415,367,1,ACTIVE,02/06/2025 15:02:51,,0,no_link.com,
416,369,3,ACTIVE,02/06/2025 15:04:07,,0,no_link.com,
418,370,3,ACTIVE,02/06/2025 15:04:07,,0,no_link.com,
419,372,3,ACTIVE,02/06/2025 15:06:33,,0,no_link.com,
421,373,3,ACTIVE,02/06/2025 15:06:40,,0,no_link.com,
422,374,3,ACTIVE,02/06/2025 15:07:32,,0,no_link.com,
424,375,3,ACTIVE,02/06/2025 15:08:08,,0,no_link.com,
425,376,3,ACTIVE,02/06/2025 15:09:01,,0,no_link.com,
427,378,3,ACTIVE,02/06/2025 15:10:10,,0,no_link.com,
429,379,3,ACTIVE,02/06/2025 15:11:25,,0,no_link.com,
430,380,3,ACTIVE,02/06/2025 15:16:43,,0,no_link.com,
432,381,3,ACTIVE,02/06/2025 15:30:37,,0,no_link.com,
433,377,3,ACTIVE,02/06/2025 21:48:37,,0,no_link.com,
434,363,3,ACTIVE,03/06/2025 7:25:03,,0,no_link.com,
436,364,3,ACTIVE,03/06/2025 14:40:14,,0,no_link.com,
437,382,3,ACTIVE,03/06/2025 14:43:16,,0,no_link.com,
438,383,3,ACTIVE,03/06/2025 14:43:48,,0,no_link.com,
439,384,3,ACTIVE,03/06/2025 14:43:50,,0,no_link.com,
440,385,3,ACTIVE,03/06/2025 14:43:56,,386000,no_link.com,
441,386,3,ACTIVE,03/06/2025 14:44:02,,386000,no_link.com,
442,387,3,ACTIVE,03/06/2025 14:44:05,,0,no_link.com,
443,389,3,ACTIVE,03/06/2025 14:44:06,,0,no_link.com,
444,390,3,ACTIVE,03/06/2025 14:44:09,,0,no_link.com,
445,391,3,ACTIVE,03/06/2025 14:44:15,,0,no_link.com,
446,392,3,ACTIVE,03/06/2025 14:44:22,,0,no_link.com,
447,388,3,ACTIVE,03/06/2025 14:44:28,,0,no_link.com,
448,393,3,ACTIVE,03/06/2025 14:44:32,,0,no_link.com,
449,394,3,ACTIVE,03/06/2025 14:44:36,,0,no_link.com,
450,395,3,ACTIVE,03/06/2025 14:44:37,,0,no_link.com,
451,396,3,ACTIVE,03/06/2025 14:44:54,,0,no_link.com,
452,397,3,ACTIVE,03/06/2025 14:45:00,,0,no_link.com,
453,398,3,ACTIVE,03/06/2025 14:45:15,,0,no_link.com,
454,399,3,ACTIVE,03/06/2025 14:45:15,,0,no_link.com,
455,400,3,ACTIVE,03/06/2025 14:45:30,,0,no_link.com,
456,401,3,ACTIVE,03/06/2025 14:45:35,,0,no_link.com,
457,402,3,ACTIVE,03/06/2025 14:45:36,,0,no_link.com,
458,403,3,ACTIVE,03/06/2025 14:45:54,,0,no_link.com,
459,404,3,ACTIVE,03/06/2025 14:45:57,,0,no_link.com,
460,405,3,ACTIVE,03/06/2025 14:46:07,,0,no_link.com,
461,406,3,ACTIVE,03/06/2025 14:46:20,,0,no_link.com,
462,407,3,ACTIVE,03/06/2025 14:46:44,,0,no_link.com,
463,408,3,ACTIVE,03/06/2025 14:47:04,,0,no_link.com,
464,409,3,ACTIVE,03/06/2025 14:47:05,,0,no_link.com,
465,410,3,ACTIVE,03/06/2025 14:47:26,,0,no_link.com,
466,411,3,ACTIVE,03/06/2025 14:47:38,,0,no_link.com,
467,412,3,ACTIVE,03/06/2025 14:48:40,,0,no_link.com,
468,413,3,ACTIVE,03/06/2025 14:50:20,,0,no_link.com,
469,414,3,ACTIVE,03/06/2025 14:52:02,,0,no_link.com,
470,415,3,ACTIVE,03/06/2025 14:53:29,,0,no_link.com,
471,360,3,ACTIVE,03/06/2025 14:54:12,,0,no_link.com,
472,416,3,ACTIVE,03/06/2025 15:14:35,,0,no_link.com,
473,361,3,ACTIVE,03/06/2025 15:15:57,,0,no_link.com,
474,417,3,ACTIVE,03/06/2025 15:46:15,,0,no_link.com,
475,418,3,ACTIVE,03/06/2025 15:54:46,,0,no_link.com,
476,419,3,ACTIVE,03/06/2025 21:36:10,,0,no_link.com,
477,421,3,ACTIVE,04/06/2025 14:07:43,,0,no_link.com,
478,420,3,ACTIVE,04/06/2025 15:26:05,,0,no_link.com,
480,422,3,ACTIVE,04/06/2025 22:29:37,,400000,no_link.com,
481,423,3,ACTIVE,05/06/2025 14:22:33,,0,no_link.com,
483,371,1,ACTIVE,06/06/2025 6:43:51,,0,no_link.com,
484,339,1,ACTIVE,06/06/2025 12:34:26,,0,no_link.com,
485,272,1,ACTIVE,06/06/2025 14:29:33,,0,đã ck,
486,370,1,ACTIVE,06/06/2025 16:20:17,,0,Đã chuyển khoản,
487,424,3,ACTIVE,06/06/2025 21:23:05,,0,no_link.com,
488,334,1,ACTIVE,06/06/2025 23:48:22,,0,no_link.com,
489,385,1,ACTIVE,07/06/2025 10:24:16,,0,Đã ck,
490,425,3,ACTIVE,08/06/2025 9:06:35,,368000,no_link.com,
491,426,3,ACTIVE,10/06/2025 14:42:31,,0,no_link.com,
492,427,3,ACTIVE,10/06/2025 14:49:40,,0,no_link.com,
493,445,3,ACTIVE,16/06/2025 20:22:37,,0,https://drive.google.com/file/d/1OETNvWLfOVkoAsdqB94FTg4bUtrAwpss/view?usp=drivesdk,
496,443,3,ACTIVE,17/06/2025 8:27:12,,368000,https://drive.google.com/file/d/1UNVIbsopX9WEcCytWe4odMjPeQVXIIsM/view?usp=drivesdk,
497,481,3,ACTIVE,17/06/2025 8:48:39,,0,no_link.com,
498,482,3,ACTIVE,17/06/2025 9:27:37,,0,no_link.com,
500,483,3,ACTIVE,17/06/2025 10:42:12,,0,no_link.com,
502,484,3,ACTIVE,17/06/2025 13:05:47,,0,no_link.com,
503,485,3,ACTIVE,17/06/2025 13:46:13,,0,no_link.com,
504,486,3,ACTIVE,17/06/2025 13:50:02,,0,no_link.com,
507,487,3,ACTIVE,17/06/2025 14:27:21,,0,no_link.com,
508,488,3,ACTIVE,17/06/2025 14:32:34,,0,no_link.com,
509,489,3,ACTIVE,17/06/2025 14:47:22,,0,no_link.com,
510,490,3,ACTIVE,17/06/2025 14:47:46,,0,no_link.com,
511,491,3,ACTIVE,17/06/2025 14:47:55,,0,no_link.com,
512,492,3,ACTIVE,17/06/2025 14:48:34,,0,no_link.com,
513,493,3,ACTIVE,17/06/2025 14:48:36,,0,no_link.com,
514,494,3,ACTIVE,17/06/2025 14:48:48,,0,no_link.com,
515,495,3,ACTIVE,17/06/2025 14:49:00,,0,no_link.com,
516,496,3,ACTIVE,17/06/2025 14:49:29,,0,no_link.com,
517,497,3,ACTIVE,17/06/2025 14:49:30,,0,no_link.com,
518,498,3,ACTIVE,17/06/2025 14:50:38,,0,no_link.com,
520,499,3,ACTIVE,17/06/2025 14:58:04,,0,no_link.com,
523,500,3,ACTIVE,18/06/2025 0:40:07,,0,no_link.com,
525,501,3,ACTIVE,18/06/2025 9:29:02,,0,no_link.com,
526,502,3,ACTIVE,18/06/2025 11:30:26,,0,no_link.com,
528,503,3,ACTIVE,18/06/2025 20:00:26,,0,no_link.com,
533,338,1,ACTIVE,19/06/2025 9:16:05,,0,Đã đóng tiền cọc dạ,
536,377,1,ACTIVE,19/06/2025 13:54:29,,0,no_link.com,
537,504,3,ACTIVE,19/06/2025 14:06:26,,0,no_link.com,
542,505,3,ACTIVE,19/06/2025 16:51:15,,0,no_link.com,
543,506,3,ACTIVE,19/06/2025 20:37:44,,0,no_link.com,
544,507,3,ACTIVE,20/06/2025 20:04:04,,0,no_link.com,
546,446,3,ACTIVE,21/06/2025 9:58:16,,0,https://drive.google.com/file/d/1QzfArky2NoPBxSWyP96xV2Fd49qkJ3ie/view?usp=drivesdk,
547,508,3,ACTIVE,21/06/2025 17:05:37,,0,no_link.com,
549,509,3,ACTIVE,21/06/2025 18:59:09,,0,no_link.com,
553,510,3,ACTIVE,22/06/2025 22:18:34,,0,no_link.com,
554,512,1,ACTIVE,22/06/2025 22:25:47,,0,Tôi đồng ý,
556,497,1,ACTIVE,22/06/2025 23:33:48,,0,Em đã chuyển khoản ạ,
559,511,3,ACTIVE,23/06/2025 8:46:51,,0,no_link.com,
561,434,3,ACTIVE,23/06/2025 11:58:01,,0,https://drive.google.com/file/d/1XENdf1QcQAhBq1f8dObouSykm7MDc6G_/view?usp=drivesdk,
562,512,3,ACTIVE,23/06/2025 12:02:39,,0,no_link.com,
564,513,3,ACTIVE,23/06/2025 15:00:56,,0,no_link.com,
565,514,3,ACTIVE,23/06/2025 17:50:50,,0,no_link.com,
566,515,3,ACTIVE,23/06/2025 17:56:03,,0,no_link.com,
567,516,3,ACTIVE,23/06/2025 21:56:15,,0,no_link.com,
568,375,1,ACTIVE,24/06/2025 7:54:33,,0,Đã CK,
569,517,3,ACTIVE,24/06/2025 8:50:24,,0,no_link.com,
571,518,3,ACTIVE,24/06/2025 13:00:30,,0,no_link.com,
572,519,3,ACTIVE,24/06/2025 13:14:57,,0,no_link.com,
573,520,3,ACTIVE,24/06/2025 13:49:17,,0,no_link.com,
574,521,3,ACTIVE,24/06/2025 13:58:09,,0,no_link.com,
575,522,3,ACTIVE,24/06/2025 14:04:37,,0,no_link.com,
576,523,3,ACTIVE,24/06/2025 14:19:13,,0,no_link.com,
577,524,3,ACTIVE,24/06/2025 14:19:29,,0,no_link.com,
578,525,3,ACTIVE,24/06/2025 14:52:59,,0,no_link.com,
579,526,3,ACTIVE,24/06/2025 15:00:47,,0,no_link.com,
580,527,3,ACTIVE,24/06/2025 15:17:51,,0,no_link.com,
581,528,3,ACTIVE,24/06/2025 15:19:01,,0,no_link.com,
582,529,3,ACTIVE,24/06/2025 15:19:36,,0,no_link.com,
583,530,3,ACTIVE,24/06/2025 15:20:36,,0,no_link.com,
584,531,3,ACTIVE,24/06/2025 15:40:45,,0,no_link.com,
587,532,3,ACTIVE,24/06/2025 21:01:14,,0,no_link.com,
588,533,3,ACTIVE,24/06/2025 21:05:25,,0,no_link.com,
589,534,3,ACTIVE,24/06/2025 21:06:36,,0,no_link.com,
590,535,3,ACTIVE,24/06/2025 21:07:21,,0,no_link.com,
591,536,3,ACTIVE,24/06/2025 21:09:59,,0,no_link.com,
592,537,3,ACTIVE,24/06/2025 21:17:27,,0,no_link.com,
593,538,3,ACTIVE,24/06/2025 21:34:56,,0,no_link.com,
594,539,3,ACTIVE,24/06/2025 21:53:03,,0,no_link.com,
595,540,3,ACTIVE,25/06/2025 6:29:47,,0,no_link.com,
596,541,3,ACTIVE,25/06/2025 14:08:25,,0,no_link.com,
597,542,3,ACTIVE,25/06/2025 14:08:54,,0,no_link.com,
598,543,3,ACTIVE,25/06/2025 14:10:44,,0,no_link.com,
599,433,3,ACTIVE,25/06/2025 17:18:03,,0,https://drive.google.com/file/d/15j4zDva5iQ1J6dXcD8RW3xb-6YepCknu/view?usp=drivesdk,
600,544,3,ACTIVE,25/06/2025 20:14:25,,0,no_link.com,
601,545,3,ACTIVE,25/06/2025 20:44:29,,0,no_link.com,
603,324,1,ACTIVE,25/06/2025 22:04:35,,0,no_link.com,
604,546,3,ACTIVE,26/06/2025 15:25:32,,0,no_link.com,
605,547,3,ACTIVE,26/06/2025 20:17:52,,0,no_link.com,
606,548,3,ACTIVE,27/06/2025 22:24:25,,0,no_link.com,
612,549,3,ACTIVE,28/06/2025 11:08:03,,0,no_link.com,
625,373,1,ACTIVE,29/06/2025 21:23:43,,0,Đã chuyển ,
626,550,3,ACTIVE,29/06/2025 21:29:43,,0,no_link.com,
628,551,3,ACTIVE,29/06/2025 21:38:46,,0,no_link.com,
629,552,3,ACTIVE,30/06/2025 10:12:00,,0,no_link.com,
630,553,3,ACTIVE,30/06/2025 11:58:26,,0,no_link.com,
631,429,3,ACTIVE,30/06/2025 12:15:02,,0,https://drive.google.com/file/d/1lysmb3xMuaxkp2A6G2NoCkM2Oz9bFBwV/view?usp=drivesdk,
634,554,3,ACTIVE,30/06/2025 14:02:06,,0,no_link.com,
635,386,1,ACTIVE,30/06/2025 15:12:46,,0,no_link.com,
636,379,1,ACTIVE,30/06/2025 17:12:11,,0,no_link.com,
637,360,1,ACTIVE,30/06/2025 17:34:30,,0,Đồng ý,
638,555,3,ACTIVE,30/06/2025 18:31:02,,0,no_link.com,
640,425,1,ACTIVE,30/06/2025 23:21:17,,0,no_link.com,
641,516,1,ACTIVE,01/07/2025 8:38:06,,0,no_link.com,
642,393,1,ACTIVE,01/07/2025 12:32:41,,0,lường Ấm cam kết 68,
643,504,1,ACTIVE,01/07/2025 12:47:15,,0,Biết ơn thầy nhiều cho tôi cơ hội học tập ,
644,395,1,ACTIVE,01/07/2025 12:56:34,,0,no_link.com,
645,509,1,ACTIVE,01/07/2025 13:19:41,,0,no_link.com,
648,511,1,ACTIVE,03/07/2025 16:23:31,,0,no_link.com,
649,422,1,ACTIVE,04/07/2025 13:13:41,,0,no_link.com,
650,424,1,ACTIVE,04/07/2025 14:02:08,,0,no_link.com,
651,520,1,ACTIVE,04/07/2025 14:42:50,,0,Tôi đã ck,
652,355,1,ACTIVE,05/07/2025 14:26:39,,0,no_link.com,
653,438,3,ACTIVE,07/07/2025 9:48:51,,0,https://drive.google.com/file/d/1w4euThGiQT4b_BRM-iAJATMwY6xS1yOG/view?usp=drivesdk,
654,550,1,ACTIVE,09/07/2025 13:15:05,,0,https://drive.google.com/open?id=1ngpPfJlqOtcDGOHiALlywqIh5MYSaeRJ,
655,381,1,ACTIVE,11/07/2025 10:58:41,,0,https://drive.google.com/open?id=12fbIPsvieHkRby6l0DKCpd0JA4NmJyNM,
658,111,1,ACTIVE,27/07/2025 17:34:41,,0,no_link.com,
659,428,3,ACTIVE,10/06/2025 14:44:49,,0,no_link.com,
661,430,3,ACTIVE,10/06/2025 14:44:55,,0,no_link.com,
662,431,3,ACTIVE,10/06/2025 14:44:58,,0,no_link.com,
663,432,3,ACTIVE,10/06/2025 14:45:50,,0,no_link.com,
666,435,3,ACTIVE,10/06/2025 14:45:36,,0,no_link.com,
667,436,3,ACTIVE,10/06/2025 14:45:40,,0,no_link.com,
668,437,3,ACTIVE,10/06/2025 14:45:43,,0,no_link.com,
670,439,3,ACTIVE,10/06/2025 14:45:50,,0,no_link.com,
671,440,3,ACTIVE,10/06/2025 14:45:54,,0,no_link.com,
673,441,3,ACTIVE,10/06/2025 14:46:04,,0,no_link.com,
674,442,3,ACTIVE,10/06/2025 14:46:09,,0,no_link.com,
676,443,1,ACTIVE,02/07/2025 12:19:59,,0,đồng ý,
677,444,3,ACTIVE,10/06/2025 14:46:14,,0,no_link.com,
680,447,3,ACTIVE,10/06/2025 14:46:20,,0,no_link.com,
682,448,3,ACTIVE,10/06/2025 14:46:32,,0,no_link.com,
684,449,3,ACTIVE,10/06/2025 14:46:33,,0,no_link.com,
686,450,3,ACTIVE,10/06/2025 14:46:37,,0,no_link.com,
687,451,3,ACTIVE,10/06/2025 14:46:38,,0,no_link.com,
688,452,3,ACTIVE,10/06/2025 14:46:52,,0,no_link.com,
690,453,3,ACTIVE,10/06/2025 14:46:55,,0,no_link.com,
691,465,3,ACTIVE,10/06/2025 14:47:00,,0,no_link.com,
692,467,3,ACTIVE,12/06/2025 16:08:08,,0,no_link.com,
693,468,3,ACTIVE,13/06/2025 23:44:18,,0,no_link.com,
694,469,3,ACTIVE,14/06/2025 16:02:55,,0,no_link.com,
695,470,3,ACTIVE,15/06/2025 16:41:02,,0,no_link.com,
696,471,3,ACTIVE,16/06/2025 20:28:15,,0,no_link.com,
697,472,3,ACTIVE,16/06/2025 20:37:45,,0,no_link.com,
698,474,3,ACTIVE,16/06/2025 20:44:44,,0,no_link.com,
699,475,3,ACTIVE,16/06/2025 21:05:17,,0,no_link.com,
700,476,3,ACTIVE,16/06/2025 21:19:34,,0,no_link.com,
701,478,1,ACTIVE,16/06/2025 22:05:12,,0,no_link.com,
702,479,3,ACTIVE,01/08/2025 0:00:00,,0,no_link.com,
703,480,3,ACTIVE,16/06/2025 23:05:30,,0,no_link.com,
706,454,3,ACTIVE,17/06/2025 9:16:31,,0,no_link.com,
707,455,3,ACTIVE,10/06/2025 14:48:05,,0,no_link.com,
708,466,3,ACTIVE,10/06/2025 14:52:56,,0,no_link.com,
709,473,3,ACTIVE,12/06/2025 16:17:30,,0,no_link.com,
710,477,3,ACTIVE,16/06/2025 20:57:23,,395000,no_link.com,
713,455,1,ACTIVE,17/06/2025 21:52:15,,0,no_link.com,
714,456,3,ACTIVE,01/07/2025 12:36:14,,0,no_link.com,
715,457,3,ACTIVE,10/06/2025 15:01:43,,0,no_link.com,
716,458,3,ACTIVE,10/06/2025 15:02:34,,0,no_link.com,
717,463,3,ACTIVE,10/06/2025 15:12:00,,0,no_link.com,
718,464,3,ACTIVE,12/06/2025 16:05:48,,0,no_link.com,
720,459,3,ACTIVE,16/06/2025 21:46:51,,0,no_link.com,
721,460,3,ACTIVE,10/06/2025 15:47:06,,0,no_link.com,
722,461,3,ACTIVE,11/06/2025 9:51:06,,0,no_link.com,
723,462,3,ACTIVE,13/06/2025 19:01:53,,0,no_link.com,
726,478,3,ACTIVE,16/06/2025 22:59:16,,0,no_link.com,
732,473,1,ACTIVE,20/06/2025 10:25:37,,0,no_link.com,
737,474,1,ACTIVE,30/06/2025 16:08:59,,0,no_link.com,
739,468,1,ACTIVE,01/07/2025 13:00:57,,0,no_link.com,
740,556,3,ACTIVE,01/07/2025 13:52:32,,0,no_link.com,
741,557,3,ACTIVE,01/07/2025 14:03:30,,0,no_link.com,
742,558,3,ACTIVE,01/07/2025 14:22:26,,0,no_link.com,
743,559,3,ACTIVE,01/07/2025 14:26:24,,0,no_link.com,
744,560,3,ACTIVE,01/07/2025 14:31:03,,0,no_link.com,
745,561,3,ACTIVE,01/07/2025 14:51:39,,0,no_link.com,
746,562,3,ACTIVE,01/07/2025 15:05:16,,0,no_link.com,
747,563,3,ACTIVE,01/07/2025 16:14:12,,0,no_link.com,
749,564,3,ACTIVE,01/07/2025 19:57:47,,0,no_link.com,
750,565,3,ACTIVE,01/07/2025 20:23:02,,0,no_link.com,
751,566,3,ACTIVE,01/07/2025 20:30:17,,0,no_link.com,
752,567,3,ACTIVE,01/07/2025 20:44:24,,0,no_link.com,
753,568,3,ACTIVE,02/07/2025 11:43:30,,0,no_link.com,
754,465,1,ACTIVE,02/07/2025 13:27:13,,0,no_link.com,
755,569,3,ACTIVE,02/07/2025 21:03:07,,0,no_link.com,
756,570,3,ACTIVE,02/07/2025 21:15:42,,0,no_link.com,
757,571,3,ACTIVE,03/07/2025 14:17:04,,0,no_link.com,
758,467,1,ACTIVE,03/07/2025 14:46:01,,0,no_link.com,
759,572,3,ACTIVE,03/07/2025 15:12:05,,0,no_link.com,
760,573,3,ACTIVE,03/07/2025 15:12:17,,0,no_link.com,
761,574,3,ACTIVE,03/07/2025 15:55:35,,0,no_link.com,
762,575,3,ACTIVE,04/07/2025 21:24:14,,0,no_link.com,
765,576,3,ACTIVE,05/07/2025 16:03:44,,0,no_link.com,
766,577,3,ACTIVE,05/07/2025 17:20:32,,0,no_link.com,
770,578,3,ACTIVE,07/07/2025 12:52:00,,0,no_link.com,
772,579,3,ACTIVE,07/07/2025 18:17:34,,0,no_link.com,
773,580,3,ACTIVE,07/07/2025 20:09:00,,0,no_link.com,
775,581,3,ACTIVE,07/07/2025 22:30:29,,0,no_link.com,
777,582,3,ACTIVE,08/07/2025 14:22:57,,0,no_link.com,
779,583,3,ACTIVE,09/07/2025 13:17:04,,0,no_link.com,
780,584,3,ACTIVE,09/07/2025 16:26:55,,0,no_link.com,
781,585,3,ACTIVE,09/07/2025 18:57:58,,0,no_link.com,
783,586,3,ACTIVE,10/07/2025 22:31:27,,0,no_link.com,
784,587,1,ACTIVE,11/07/2025 11:32:36,,0,no_link.com,
785,588,3,ACTIVE,11/07/2025 20:35:43,,0,no_link.com,
786,589,3,ACTIVE,12/07/2025 6:32:14,,0,no_link.com,
787,469,1,ACTIVE,12/07/2025 9:06:29,,0,https://drive.google.com/open?id=16IQcXdBoFP3xfELqRbSIiucU9f-jBA2b,
788,590,3,ACTIVE,12/07/2025 11:37:08,,0,no_link.com,
789,543,1,ACTIVE,12/07/2025 20:06:29,,0,no_link.com,
790,473,5,ACTIVE,13/07/2025 4:31:57,,0,no_link.com,
791,497,5,ACTIVE,13/07/2025 4:33:29,,0,no_link.com,
792,591,3,ACTIVE,13/07/2025 11:42:41,,0,no_link.com,
794,592,3,ACTIVE,13/07/2025 21:55:48,,0,no_link.com,
797,559,1,ACTIVE,14/07/2025 14:43:35,,0,https://drive.google.com/open?id=1Hfa_Q3i7nRPJtEQoRiWs0CxdxetquP4B,
799,593,3,ACTIVE,14/07/2025 22:31:10,,0,no_link.com,
800,495,1,ACTIVE,15/07/2025 13:33:15,,0,https://drive.google.com/open?id=1idk8o-JKdUXv4HwYpJY5YYfrWb826iBM,
801,594,3,ACTIVE,15/07/2025 15:15:07,,0,no_link.com,
802,595,3,ACTIVE,15/07/2025 20:09:59,,0,no_link.com,
803,596,3,ACTIVE,16/07/2025 16:30:08,,0,no_link.com,
804,597,3,ACTIVE,17/07/2025 5:41:45,,0,no_link.com,
805,598,3,ACTIVE,17/07/2025 12:18:19,,0,no_link.com,
807,599,3,ACTIVE,17/07/2025 15:27:05,,0,no_link.com,
808,600,3,ACTIVE,17/07/2025 15:31:22,,0,no_link.com,
809,601,3,ACTIVE,17/07/2025 16:58:17,,0,no_link.com,
810,602,3,ACTIVE,17/07/2025 20:58:22,,0,no_link.com,
812,603,3,ACTIVE,18/07/2025 16:50:36,,0,no_link.com,
813,604,3,ACTIVE,18/07/2025 16:54:10,,0,no_link.com,
814,605,3,ACTIVE,18/07/2025 17:22:36,,0,no_link.com,
815,606,3,ACTIVE,18/07/2025 17:41:57,,0,no_link.com,
816,607,3,ACTIVE,18/07/2025 19:29:45,,0,no_link.com,
817,608,3,ACTIVE,18/07/2025 22:28:25,,0,no_link.com,
818,609,3,ACTIVE,19/07/2025 14:29:00,,0,no_link.com,
819,611,3,ACTIVE,19/07/2025 17:38:56,,0,no_link.com,
820,612,3,ACTIVE,20/07/2025 16:56:56,,0,no_link.com,
821,613,3,ACTIVE,21/07/2025 18:13:28,,0,no_link.com,
822,614,3,ACTIVE,21/07/2025 23:07:49,,0,no_link.com,
824,615,3,ACTIVE,22/07/2025 10:38:03,,0,no_link.com,
825,616,3,ACTIVE,22/07/2025 13:59:57,,0,no_link.com,
826,617,3,ACTIVE,22/07/2025 14:32:59,,0,no_link.com,
827,618,3,ACTIVE,22/07/2025 15:00:53,,0,no_link.com,
828,619,3,ACTIVE,22/07/2025 21:44:21,,0,no_link.com,
829,620,3,ACTIVE,26/07/2025 22:00:18,,0,no_link.com,
830,621,3,ACTIVE,28/07/2025 9:52:38,,0,no_link.com,
831,622,3,ACTIVE,28/07/2025 21:29:44,,0,no_link.com,
832,623,3,ACTIVE,28/07/2025 22:28:59,,0,no_link.com,
833,624,3,ACTIVE,29/07/2025 6:33:24,,0,no_link.com,
834,625,3,ACTIVE,29/07/2025 10:51:45,,0,no_link.com,
835,626,3,ACTIVE,29/07/2025 19:07:03,,0,no_link.com,
836,627,3,ACTIVE,29/07/2025 20:03:12,,0,no_link.com,
837,628,3,ACTIVE,29/07/2025 20:24:54,,0,no_link.com,
838,629,3,ACTIVE,30/07/2025 9:11:47,,0,no_link.com,
840,301,1,ACTIVE,31/07/2025 15:50:40,,0,https://drive.google.com/open?id=1SlhUuzTV60eIcuiU_rB0Gf3EQQH_cBy_,
841,630,3,ACTIVE,31/07/2025 21:29:49,,0,no_link.com,
842,631,3,ACTIVE,02/08/2025 6:48:01,,0,no_link.com,
843,623,1,ACTIVE,04/08/2025 23:52:26,,0,https://drive.google.com/open?id=1OpHjLxpiK3qoxbA_op2CBDZm6PAhhm-n,
844,632,3,ACTIVE,06/08/2025 15:08:11,,0,no_link.com,
845,633,3,ACTIVE,07/08/2025 6:45:15,,0,no_link.com,
848,634,3,ACTIVE,11/08/2025 11:42:15,,0,no_link.com,
849,635,3,ACTIVE,11/08/2025 13:15:41,,0,no_link.com,
851,628,1,ACTIVE,11/08/2025 15:44:32,,0,https://drive.google.com/open?id=1fnOiEOnkW0Lji_VVfdNKbMdyIrszSSrK,
853,636,3,ACTIVE,11/08/2025 16:21:34,,0,no_link.com,
854,637,3,ACTIVE,11/08/2025 17:39:48,,0,no_link.com,
855,638,3,ACTIVE,11/08/2025 17:41:36,,0,no_link.com,
856,639,3,ACTIVE,11/08/2025 19:55:51,,0,no_link.com,
857,640,3,ACTIVE,11/08/2025 22:13:17,,0,no_link.com,
858,582,1,ACTIVE,13/08/2025 15:51:51,,0,https://drive.google.com/open?id=1YkgNg_MTGZwGtrl7Laco5VMolq13j99t,
859,642,3,ACTIVE,16/08/2025 9:09:02,,0,no_link.com,
860,643,3,ACTIVE,16/08/2025 13:28:45,,0,no_link.com,
861,644,3,ACTIVE,16/08/2025 22:35:18,,0,no_link.com,
863,645,3,ACTIVE,18/08/2025 13:19:10,,0,no_link.com,
864,646,3,ACTIVE,19/08/2025 2:51:45,,0,no_link.com,
866,647,3,ACTIVE,19/08/2025 9:17:07,,0,no_link.com,
867,648,3,ACTIVE,19/08/2025 9:27:59,,0,no_link.com,
869,649,3,ACTIVE,19/08/2025 19:16:28,,0,no_link.com,
874,650,3,ACTIVE,24/08/2025 14:41:59,,0,no_link.com,
875,651,3,ACTIVE,25/08/2025 16:08:41,,0,no_link.com,
878,652,3,ACTIVE,02/09/2025 21:38:24,,0,no_link.com,
879,649,1,ACTIVE,07/09/2025 9:59:00,,1000000,https://drive.google.com/open?id=1_4B7pncG822_sOItEXDV5ST0XIeh6gvs,
881,653,3,ACTIVE,08/09/2025 9:02:25,,0,no_link.com,
882,654,3,ACTIVE,08/09/2025 9:55:25,,0,no_link.com,
883,611,1,ACTIVE,08/09/2025 18:28:17,,1000000,https://drive.google.com/open?id=1dPrUHrVSfqcRXBLVzAlOiLjdolH_8Z_C,
884,655,3,ACTIVE,08/09/2025 18:53:11,,0,no_link.com,
885,656,3,ACTIVE,08/09/2025 19:34:03,,0,no_link.com,
886,656,1,ACTIVE,08/09/2025 19:34:03,,0,no_link.com,
887,657,3,ACTIVE,08/09/2025 20:32:14,,0,no_link.com,
888,658,3,ACTIVE,09/09/2025 7:23:21,,0,no_link.com,
889,659,3,ACTIVE,10/09/2025 10:43:44,,0,no_link.com,
891,660,3,ACTIVE,10/09/2025 21:43:51,,0,no_link.com,
892,661,3,ACTIVE,15/09/2025 22:26:23,,0,no_link.com,
893,662,3,ACTIVE,16/09/2025 13:02:19,,0,no_link.com,
894,663,3,ACTIVE,18/09/2025 6:42:56,,0,no_link.com,
897,8286,2,ACTIVE,23/09/2025 21:30:00,,386000,no_link.com,
898,607,1,ACTIVE,24/09/2025 10:23:09,,1000000,https://drive.google.com/open?id=17ft2DRFiwkH7uiGxSulw4ajMQQ8f135s,
899,665,3,ACTIVE,25/09/2025 13:17:11,,386000,https://drive.google.com/file/d/1HJ3heaeXiG9nkRH2GSFh8MLB2rVdTlFZ/view?usp=drivesdk,
901,666,3,ACTIVE,25/09/2025 19:56:56,,386000,https://drive.google.com/file/d/1gqv7XUhCttf9jHc3P0Vx8gZs95bs-3-N/view?usp=drivesdk,
902,667,2,ACTIVE,25/09/2025 21:03:50,,386000,https://drive.google.com/file/d/1389Fvt9ZgwyoOv4rd99iBmGUIM2bbln_/view?usp=drivesdk,
903,668,2,ACTIVE,26/09/2025 15:05:19,,386000,https://drive.google.com/file/d/1gJiZRcpWX2H5N_6dL9A2rXpbawObkb1E/view?usp=drivesdk,
904,669,3,ACTIVE,26/09/2025 22:01:51,,386000,https://drive.google.com/file/d/1nCkzJLF5LlvskRWMtpe4eCHTKkIn10H3/view?usp=drivesdk,
905,670,3,ACTIVE,27/09/2025 9:49:54,,386000,https://drive.google.com/file/d/16j36Ax6EQ3DXhQ5YWg2i38I8Zb-bbN2b/view?usp=drivesdk,
906,664,3,ACTIVE,27/09/2025 21:29:51,,386000,no_link.com,
907,671,3,ACTIVE,27/09/2025 23:22:46,,386000,https://drive.google.com/file/d/1wxR-HKYDNTiFK8MCd2cHzt2N2bbkl0ko/view?usp=drivesdk,
908,672,3,ACTIVE,27/09/2025 23:25:05,,386000,https://drive.google.com/file/d/1cb1XzEpqFdF6AzFjf0rpqn2h2-XY3U8T/view?usp=drivesdk,
909,673,2,ACTIVE,27/09/2025 23:35:50,,386000,https://drive.google.com/file/d/1xQs5Kl2ZXwcTnJv8MSznY-gomPjiN9F9/view?usp=drivesdk,
910,674,3,ACTIVE,28/09/2025 10:27:45,,386000,https://drive.google.com/file/d/11_owevQt_H9XYTW84eaJpIkfx5dl3ZZP/view?usp=drivesdk,
911,675,3,ACTIVE,28/09/2025 10:41:31,,386000,https://drive.google.com/file/d/1lHU1q3j3s79Fz5cSS8BWRjbKu--M2nB2/view?usp=drivesdk,
912,676,2,ACTIVE,28/09/2025 11:13:20,,386000,https://drive.google.com/file/d/14auvd41-yqGwQ47MsR9OrY5mpz-pxNrg/view?usp=drivesdk,
913,677,2,ACTIVE,28/09/2025 11:18:50,,386000,https://drive.google.com/file/d/1xrlWTbCOQNpkcf0OENKPLg0S2qSi-ppC/view?usp=drivesdk,
914,678,3,ACTIVE,28/09/2025 11:19:24,,386000,no_link.com,
915,679,2,ACTIVE,28/09/2025 14:17:39,,386000,https://drive.google.com/file/d/1WtFusWfvtggUuGW8NzaR-yxD95QO1nOx/view?usp=drivesdk,
916,680,2,ACTIVE,28/09/2025 14:20:58,,386000,https://drive.google.com/file/d/1Ukch7fuFi9vZDMZ0yCjRN221WWtVtECw/view?usp=drivesdk,
917,681,3,ACTIVE,28/09/2025 16:56:06,,386000,https://drive.google.com/file/d/1KZCxB7sh47AP6UKb3Ubbc8wRkhQF9oh6/view?usp=drivesdk,
918,682,2,ACTIVE,28/09/2025 19:47:40,,386000,https://drive.google.com/file/d/1YGYJ4DXfdoolm7hTViK3u04j-vA2a1uG/view?usp=drivesdk,
919,683,2,ACTIVE,28/09/2025 20:15:15,,386000,https://drive.google.com/file/d/1MhmOapTCg8WI9DHaEahLZYpUH7g07lnB/view?usp=drivesdk,
920,684,2,ACTIVE,28/09/2025 21:31:38,,386000,https://drive.google.com/file/d/1qJI5utQuhjryF9I1cVEpLIz7wBEERmz0/view?usp=drivesdk,
921,685,2,ACTIVE,29/09/2025 7:04:01,,386000,https://drive.google.com/file/d/1QQOMOY-sc7zwE1x19x8apx-5DPw6BXdl/view?usp=drivesdk,
922,686,3,ACTIVE,29/09/2025 7:31:27,,386000,https://drive.google.com/file/d/1oRbXEWFQ46B1QTeeFfzaeIVa71mH9sRU/view?usp=drivesdk,
923,687,2,ACTIVE,29/09/2025 8:10:24,,386000,https://drive.google.com/file/d/16DU_K-eIEGXh-6QnXePn4lG5jesD_tio/view?usp=drivesdk,
924,688,3,ACTIVE,29/09/2025 8:33:11,,386000,https://drive.google.com/file/d/11_CU6mompWZiZY618Nj_1yFQidwFj84V/view?usp=drivesdk,
925,689,3,ACTIVE,29/09/2025 8:37:55,,386000,https://drive.google.com/file/d/1iNkktQlXTzy8VsbgoA5sXVcNXd1WgPWb/view?usp=drivesdk,
926,690,3,ACTIVE,29/09/2025 9:16:49,,386000,https://drive.google.com/file/d/18pkx49VGmAHO5fxvSWt4TctBeiw6VST-/view?usp=drivesdk,
927,691,3,ACTIVE,29/09/2025 10:04:25,,386000,https://drive.google.com/file/d/148zRLA-tGtEq0xLA_-zrhz8t-_HxvUfE/view?usp=drivesdk,
928,692,3,ACTIVE,29/09/2025 10:07:52,,386000,https://drive.google.com/file/d/1Kl52FCsfAE_pNutYWeLc73DgJaz36yuT/view?usp=drivesdk,
929,693,2,ACTIVE,29/09/2025 11:54:00,,386000,https://drive.google.com/file/d/1V2j0WS17iij40zRP5-9jG3e_-jCETX_Y/view?usp=drivesdk,
930,694,2,ACTIVE,29/09/2025 12:01:53,,386000,https://drive.google.com/file/d/1VHjCg14FRd9rDuKkOQHwt6jEeOUV9jEt/view?usp=drivesdk,
931,695,3,ACTIVE,29/09/2025 12:04:13,,386000,https://drive.google.com/file/d/1lkVkj26f7lr8WzbPhJD3BlKzuOyqkOO7/view?usp=drivesdk,
932,695,1,ACTIVE,11/10/2025 20:41:21,,1000000,https://drive.google.com/file/d/1o8CFXD3Zat1hb-6C_LmVLw3sx8C7ntFi/view?usp=drivesdk,
933,696,3,ACTIVE,29/09/2025 12:12:16,,386000,https://drive.google.com/file/d/1iQTw8-DxOK4Gi-nFY_AX6j82viD4nbDe/view?usp=drivesdk,
934,697,2,ACTIVE,29/09/2025 12:21:46,,386000,https://drive.google.com/file/d/1M6hYtZtBHeQ5C7BK9zVRyaFK85lGzVd6/view?usp=drivesdk,
935,698,3,ACTIVE,29/09/2025 12:43:44,,386000,https://drive.google.com/file/d/1xMKNTlKpOGsd_0HyvecSyY4u-JYWNbph/view?usp=drivesdk,
936,699,2,ACTIVE,29/09/2025 13:13:38,,386868,https://drive.google.com/file/d/1NwDcehmzJYMAKeiyfp329pt1zHOUD6x2/view?usp=drivesdk,
937,700,2,ACTIVE,29/09/2025 13:19:18,,386000,https://drive.google.com/file/d/1ZfFU_H8kDE8zF81vZT2Y2TEtup6SJrC1/view?usp=drivesdk,
938,701,3,ACTIVE,29/09/2025 13:21:19,,386000,https://drive.google.com/file/d/1w7vAuoI2S52RJRNxbSj9ixTKBXEBFMTj/view?usp=drivesdk,
939,702,2,ACTIVE,29/09/2025 13:40:34,,386000,https://drive.google.com/file/d/1IrzvlOyKIq5l_wM9aCfi0Uh3_Gu4-GjU/view?usp=drivesdk,
940,703,3,ACTIVE,29/09/2025 16:15:09,,386000,https://drive.google.com/file/d/1ze2P0MtqxHWOv1PLDgJBveihwAyfHuld/view?usp=drivesdk,
941,704,3,ACTIVE,29/09/2025 18:35:22,,386000,https://drive.google.com/file/d/110BJ45j82bd4RrCRMwAOMDhJbdqVod2d/view?usp=drivesdk,
942,705,3,ACTIVE,29/09/2025 19:18:31,,386000,https://drive.google.com/file/d/1pbN8QC5T_uqCUdb0T5T9B-3_Kx2RvuGl/view?usp=drivesdk,
943,706,3,ACTIVE,29/09/2025 19:55:50,,386000,https://drive.google.com/file/d/1YwdCbyHA7FkJsvaFFX1ycmF_DiN2IFAh/view?usp=drivesdk,
944,707,3,ACTIVE,29/09/2025 20:10:54,,386000,https://drive.google.com/file/d/1S0i0XtIVkb6KkhirM6cEsUHl7kJF2PUp/view?usp=drivesdk,
946,708,3,ACTIVE,30/09/2025 8:49:18,,386000,https://drive.google.com/file/d/1LIT5Pv9mkJS-7f8a9ZDueDTAub4uVBo_/view?usp=drivesdk,
947,709,3,ACTIVE,30/09/2025 13:22:12,,386000,https://drive.google.com/file/d/1sn4k46YX0woK30doswDMFcMolLtywFst/view?usp=drivesdk,
948,710,2,ACTIVE,30/09/2025 18:52:22,,386000,https://drive.google.com/file/d/1gjneJ36e2uV-REZ4xp0wPNPBGDVfHI-i/view?usp=drivesdk,
949,711,1,ACTIVE,30/09/2025 21:12:14,,1000000,https://drive.google.com/file/d/1An3H8oLbTcAO3meBuJcsCkwLvRgJ1xeL/view?usp=drivesdk,
950,712,3,ACTIVE,30/09/2025 21:51:27,,386000,https://drive.google.com/file/d/1P0EQ_ty-C6pO5mPTyIeUeRg8DhIslGId/view?usp=drivesdk,
951,713,3,ACTIVE,01/10/2025 7:22:14,,386000,https://drive.google.com/file/d/1w2WI9O4iobms4R8f4TFyNvreALz2mw8q/view?usp=drivesdk,
952,714,3,ACTIVE,01/10/2025 10:32:51,,386000,https://drive.google.com/drive/folders/1pmSPDR38bGdgGtUjTWUxfbtT98BfnOGL,
953,714,1,ACTIVE,01/10/2025 10:32:51,,1000000,https://drive.google.com/file/d/1Q2MG-aX4MJ8CuD9dxbrleuoFhzAh0cSN/view?usp=drivesdk,
954,715,2,ACTIVE,01/10/2025 19:42:57,,386000,https://drive.google.com/file/d/1uFrMQkIKeUG7llZcrLZS3-YVsVvJ-Rbc/view?usp=drivesdk,
956,716,3,ACTIVE,02/10/2025 14:49:00,,386000,https://drive.google.com/file/d/1r5qwGoZuQ0FEGfWs5DF9TQHEUr5Y0Bvf/view?usp=drivesdk,
957,717,3,ACTIVE,03/10/2025 12:49:55,,386000,https://drive.google.com/file/d/1sM6RdJIqMB7fzs7AIqQvB_VLVSHhS0Oc/view?usp=drivesdk,
958,718,3,ACTIVE,03/10/2025 12:51:08,,386000,https://drive.google.com/file/d/1mL7Dj6AEIoimKd4MNGp8YXGipJSQeTSy/view?usp=drivesdk,
959,719,3,ACTIVE,03/10/2025 12:55:09,,386000,https://drive.google.com/file/d/12nqGVxuvyqfjU9PKoAvh0_QeTqDZujfC/view?usp=drivesdk,
960,720,3,ACTIVE,03/10/2025 19:47:54,,386000,https://drive.google.com/file/d/1bgO1owynlSC_ebJeU7wRpCJQdHlqveFh/view?usp=drivesdk,
961,721,2,ACTIVE,04/10/2025 11:31:22,,386000,https://drive.google.com/file/d/1VU7aojCI_c32DXd52Ee3vVPZH3I5tkzp/view?usp=drivesdk,
962,722,3,ACTIVE,06/10/2025 12:13:42,,386000,https://drive.google.com/file/d/1gJkgM8kArVvGR0RbMlQRF-hKRD_7__uf/view?usp=drivesdk,
963,723,3,ACTIVE,07/10/2025 4:54:03,,386000,https://drive.google.com/file/d/19NEsy-ie6_efOGsZTUf4VFisGOOOKl0V/view?usp=drivesdk,
964,639,1,ACTIVE,07/10/2025 9:08:34,,1000000,https://drive.google.com/file/d/1HJnLebyqQxaXU7WzgMXWFm6A3Fe9x4UW/view?usp=drivesdk,
965,724,3,ACTIVE,07/10/2025 20:37:38,,386000,https://drive.google.com/file/d/1Cf52UidFBH9nvIW7iXR2rPndA_NpgUTp/view?usp=drivesdk,
966,725,2,ACTIVE,08/10/2025 13:27:25,,386000,https://drive.google.com/file/d/1cBUOYoBcyiKUzH25t5ooQtTwX8EKXI7R/view?usp=drivesdk,
967,726,3,ACTIVE,09/10/2025 11:18:08,,386000,https://drive.google.com/file/d/11fihs2Lw4Pi8HflBNg5TyoE6931ztKsb/view?usp=drivesdk,
968,710,1,ACTIVE,09/10/2025 11:35:31,,1000000,https://drive.google.com/file/d/1zgTI8LVhyjJ__eYcZC3-qyaumKMz6J6T/view?usp=drivesdk,
969,727,3,ACTIVE,09/10/2025 11:54:01,,386000,https://drive.google.com/file/d/1Xq5Qj3ebsLlPX5_dF3JiQEXnqlh9EgXB/view?usp=drivesdk,
970,728,1,ACTIVE,09/10/2025 15:26:00,,1000000,https://drive.google.com/file/d/1brcoTS9e0j3w-8ZOj9WunpWdlRqUFOvI/view?usp=drivesdk,
971,728,3,ACTIVE,09/10/2025 20:26:00,,0,no_link.com,
972,729,3,ACTIVE,09/10/2025 19:36:29,,386000,https://drive.google.com/file/d/1t7AjuiDfFOwNTQXkYpvWsGYRpjOf2FMu/view?usp=drivesdk,
973,730,2,ACTIVE,10/10/2025 4:48:23,,386000,https://drive.google.com/file/d/1KsVSRXLBcSkdxDx__4A7Fvm99ix4Wf_4/view?usp=drivesdk,
974,731,3,ACTIVE,10/10/2025 10:36:19,,386000,https://drive.google.com/file/d/17v8ICaGQ_DtLFMWXYbrqOtp-nyhu72-1/view?usp=drivesdk,
975,732,3,ACTIVE,11/10/2025 9:28:41,,386000,https://drive.google.com/file/d/1OwlRag5HbUYsSY3dni4ecrzkAXTCC7Pu/view?usp=drivesdk,
976,733,2,ACTIVE,11/10/2025 14:21:42,,386000,https://drive.google.com/file/d/1JTQd3ZrsNvnnxYpj1XyIbJC9-GVBxMeo/view?usp=drivesdk,
977,734,1,ACTIVE,11/10/2025 16:21:32,,1000000,https://drive.google.com/file/d/1ma-akJS67A5ODIrA7IJiPCDd7UxFIqDh/view?usp=drivesdk,
978,734,3,ACTIVE,11/10/2025 17:21:32,,0,no_link.com,
979,735,2,ACTIVE,12/10/2025 10:37:25,,386000,https://drive.google.com/file/d/1HzSaDNBw8nxMdGMDjjWApUfme7DVCEe_/view?usp=drivesdk,
980,736,3,ACTIVE,12/10/2025 14:12:00,,386000,https://drive.google.com/file/d/1zBSPwQZMPdFy4M5Q8JiYOnmNvhwQsWnu/view?usp=drivesdk,
981,737,3,ACTIVE,12/10/2025 21:52:25,,386000,https://drive.google.com/file/d/1DotrdPgV4rDZcm0FEq7aIT9ItfL0TGYV/view?usp=drivesdk,
982,738,3,ACTIVE,12/10/2025 22:32:02,,386000,https://drive.google.com/file/d/1WI3W438b7xXsSAh-78eDB8Lwwcp5VQgd/view?usp=drivesdk,
983,739,2,ACTIVE,12/10/2025 23:23:54,,386000,https://drive.google.com/file/d/188t-ca-tj0hVGvtkrf5WQWOrHX3CGf1O/view?usp=drivesdk,
984,740,3,ACTIVE,13/10/2025 8:19:34,,386000,https://drive.google.com/file/d/1s95PubdA8jojtvsEa2XdJ0zmyjnuvw-p/view?usp=drivesdk,
985,741,1,ACTIVE,13/10/2025 9:52:30,,1000000,https://drive.google.com/file/d/1CZ7J-7jidaqNEj3tG3BssCPTmvcml2Zh/view?usp=drivesdk,
986,741,3,ACTIVE,13/10/2025 10:52:30,,0,no_link.com,
987,742,3,ACTIVE,13/10/2025 10:23:29,,386000,https://drive.google.com/file/d/1qeOfQ_n-GYqQcOcFrKIYIOy-GRwJcLj7/view?usp=drivesdk,
988,743,2,ACTIVE,13/10/2025 11:57:51,,0,https://drive.google.com/file/d/1aUmsXsKk0lszL9wzv0dXRqyWLQbfQU_P/view?usp=drivesdk,
989,622,1,ACTIVE,13/10/2025 12:32:56,,1000000,https://drive.google.com/file/d/1mEFuEroyF7-4pMpEYIPkVUl43TjoiNcE/view?usp=drivesdk,
990,744,6,ACTIVE,13/10/2025 13:05:53,,386000,https://drive.google.com/file/d/1ds66X5wgENOTRCegV1u5B-1SUcKceHWC/view?usp=drivesdk,
991,745,3,ACTIVE,13/10/2025 13:34:43,,386000,https://drive.google.com/file/d/1EaZSpVDZRVZJQTbnLWt4vul0R5GMOwgL/view?usp=drivesdk,
992,746,3,ACTIVE,13/10/2025 13:52:30,,386000,https://drive.google.com/file/d/1B9q4Lvm6zd-s6C6C_yf7IVI4uNMNGPHh/view?usp=drivesdk,
994,747,3,ACTIVE,13/10/2025 14:08:54,,386000,https://drive.google.com/file/d/1saEFcgpJA5KNMM-26QdnyDPso-hTzipY/view?usp=drivesdk,
995,748,3,ACTIVE,13/10/2025 14:21:22,,386000,https://drive.google.com/file/d/10RTHnrKWd4s9arw_KfccWP0J1HmmWNzm/view?usp=drivesdk,
996,653,6,ACTIVE,13/10/2025 17:05:34,,386000,https://drive.google.com/file/d/1lV_Lt0wDLuQ1iqBNm5j04K7i93Bqe_ab/view?usp=drivesdk,
997,749,2,ACTIVE,13/10/2025 19:30:49,,386000,https://drive.google.com/file/d/1FCbR5KQ9OY3CQHbZM_K4mE_rDtMEDm9v/view?usp=drivesdk,
998,750,3,ACTIVE,13/10/2025 19:47:40,,386000,https://drive.google.com/file/d/13oagRfx_yvdn_hHjHUCowb2IOxm1nA4d/view?usp=drivesdk,
999,635,6,ACTIVE,13/10/2025 19:54:26,,386000,https://drive.google.com/file/d/15rq_Tpcs1iYZoP7iBGBjTw5XjjfcoJno/view?usp=drivesdk,
1001,751,3,ACTIVE,14/10/2025 16:40:28,,386000,https://drive.google.com/file/d/1ZbS_hzBJ2faemT4-V-SthGpzx3gc9p8Q/view?usp=drivesdk,
1002,752,3,ACTIVE,14/10/2025 17:44:53,,386000,https://drive.google.com/file/d/1RGF8F5m4PzTcWhw3ZLNwQ9BUTNgJ-ZRv/view?usp=drivesdk,
1003,753,3,ACTIVE,14/10/2025 19:35:58,,386000,https://drive.google.com/file/d/1ymGBmBWRY3oB3P_ZifM4621AjnIENpbW/view?usp=drivesdk,
1005,755,3,ACTIVE,17/10/2025 8:20:37,,386000,https://drive.google.com/file/d/1O23nRaL5n11DudERm3smuJiZtMxzBlhK/view?usp=drivesdk,
1006,729,1,ACTIVE,21/10/2025 8:58:41,,1000000,https://drive.google.com/file/d/1J6Srf-l7s5eSp-E4ErsyfGCvX1BJ3oGo/view?usp=drivesdk,
1007,195,4,ACTIVE,21/10/2025 14:12:34,,0,no_link.com,
1008,214,4,ACTIVE,21/10/2025 14:17:57,,0,no_link.com,
1009,26,4,ACTIVE,21/10/2025 14:31:18,,0,no_link.com,
1010,639,4,ACTIVE,21/10/2025 14:48:04,,0,no_link.com,
1011,729,4,ACTIVE,21/10/2025 15:06:21,,0,no_link.com,
1012,7,4,ACTIVE,21/10/2025 15:10:58,,0,no_link.com,
1013,703,1,ACTIVE,30/09/2025 22:39:31,,614000,https://drive.google.com/file/d/1bevJ60IIQboN43nORQrLfbUGgSPSzHqN/view,
1014,703,4,ACTIVE,21/10/2025 15:21:44,,0,no_link.com,
1015,355,4,ACTIVE,21/10/2025 15:28:30,,0,no_link.com,
1016,607,2,ACTIVE,21/10/2025 15:57:12,,0,no_link.com,
1017,559,4,ACTIVE,21/10/2025 16:22:54,,0,no_link.com,
1018,623,4,ACTIVE,21/10/2025 16:54:47,,0,no_link.com,
1019,370,4,ACTIVE,21/10/2025 20:10:49,,0,no_link.com,
1020,377,4,ACTIVE,21/10/2025 21:09:39,,0,no_link.com,
1021,373,4,ACTIVE,21/10/2025 21:17:38,,0,no_link.com,
1022,550,4,ACTIVE,21/10/2025 21:36:58,,0,no_link.com,
1023,516,4,ACTIVE,21/10/2025 21:45:29,,0,no_link.com,
1024,198,4,ACTIVE,22/10/2025 10:03:43,,0,no_link.com,
1025,709,1,ACTIVE,23/10/2025 7:45:31,,1000000,https://drive.google.com/file/d/1qcC8FhOXZQ7wZu7BiV73G7dxEjG81CES/view?usp=drivesdk,
1028,199,4,ACTIVE,23/10/2025 21:30:45,,0,Bạn được miễn cọc vì đang tham gia Lộ trình 86 ngày.,
1029,649,4,ACTIVE,24/10/2025 8:49:52,,0,Bạn được miễn cọc vì đang tham gia Lộ trình 86 ngày.,
1030,756,3,ACTIVE,24/10/2025 8:50:44,,386000,https://drive.google.com/file/d/1DsFTSnucGwe3bt76313HG3hhEkJ4mfLq/view?usp=drivesdk,
1031,582,4,ACTIVE,24/10/2025 9:49:42,,0,Bạn được miễn cọc vì đang tham gia Lộ trình 86 ngày.,
1033,16,4,ACTIVE,25/10/2025 6:24:42,,0,Bạn được miễn cọc vì đang tham gia Lộ trình 86 ngày.,
1034,731,4,ACTIVE,25/10/2025 7:28:13,,386000,https://drive.google.com/file/d/1LVsVweDOatnwS1yonmQf7N5yiiV73BOX/view?usp=drivesdk,
1035,468,4,ACTIVE,25/10/2025 9:01:21,,0,Bạn được miễn cọc vì đang tham gia Lộ trình 86 ngày.,
1036,757,3,ACTIVE,25/10/2025 9:38:48,,386000,https://drive.google.com/file/d/189C82h9W34ydmCtguyeGsuGFuJyFcOOl/view?usp=drivesdk,
1037,622,4,ACTIVE,25/10/2025 16:03:40,,0,Bạn được miễn cọc vì đang tham gia Lộ trình 86 ngày.,
1038,467,4,ACTIVE,25/10/2025 16:11:31,,0,Bạn được miễn cọc vì đang tham gia Lộ trình 86 ngày.,
1040,495,4,ACTIVE,25/10/2025 19:02:25,,0,Bạn được miễn cọc vì đang tham gia Lộ trình 86 ngày.,
1041,372,4,ACTIVE,26/10/2025 21:34:54,,386000,https://drive.google.com/file/d/1ByxAkntww4SQBwF4NwyTtrL0nMvyy3k9/view?usp=drivesdk,
1042,68,4,ACTIVE,27/10/2025 7:44:27,,386000,https://drive.google.com/file/d/1c1SFzSsWTOXHqAIS0z_AOnfhKGEjelOo/view?usp=drivesdk,
1043,672,1,ACTIVE,27/10/2025 9:20:52,,1000000,https://drive.google.com/file/d/1uBuwLtmD7dmhWoetsAKp6NXMikKJ5oDJ/view?usp=drivesdk,
1044,672,4,ACTIVE,27/10/2025 9:42:49,,0,Bạn được miễn cọc vì đang tham gia Lộ trình 86 ngày.,
1045,758,3,ACTIVE,27/10/2025 11:01:09,,386000,https://drive.google.com/file/d/1Xj1XUV5K6MaTRRcxyV0BGEdT1KawVLaA/view?usp=drivesdk,
1046,628,4,ACTIVE,27/10/2025 12:13:41,,0,Bạn được miễn cọc vì đang tham gia Lộ trình 86 ngày.,
1047,484,1,ACTIVE,27/10/2025 19:47:07,,1000000,https://drive.google.com/file/d/1tFO7KGIh1REgUOdVWQZ4tzIFieYS1d3N/view?usp=drivesdk,
1048,484,4,ACTIVE,27/10/2025 20:52:45,,0,no_link.com,
1049,709,4,ACTIVE,28/10/2025 7:16:24,,0,Bạn được miễn cọc vì đang tham gia Lộ trình 86 ngày.,
1050,283,4,ACTIVE,28/10/2025 10:08:26,,0,Bạn được miễn cọc vì đang tham gia Lộ trình 86 ngày.,
1051,717,1,ACTIVE,28/10/2025 12:45:21,,1000000,https://drive.google.com/file/d/1NgKFu-Q6Qvt0VzOzHG_IPyWIFTrInmdv/view?usp=drivesdk,
1052,393,4,ACTIVE,28/10/2025 15:09:38,,0,Bạn được miễn cọc vì đang tham gia Lộ trình 86 ngày.,
1053,724,4,ACTIVE,29/10/2025 10:31:47,,386000,https://drive.google.com/file/d/1qybDQjX_UKqGc-ksrd3iyM5BizkcFlsp/view?usp=drivesdk,
1054,759,3,ACTIVE,29/10/2025 11:55:46,,386000,https://drive.google.com/file/d/1lZFP_uTRaYEU13xDSddapck4F1R_caLT/view?usp=drivesdk,
1055,760,3,ACTIVE,29/10/2025 12:00:28,,386000,https://drive.google.com/file/d/1x8duIx3td1KpLUieqYODWXr48mNgAqvj/view?usp=drivesdk,
1056,761,2,ACTIVE,29/10/2025 21:30:17,,386000,https://drive.google.com/file/d/1E6027rDghOExktRM8u5fQtQR8NDohEY8/view?usp=drivesdk,
1057,762,3,ACTIVE,30/10/2025 13:11:29,,386000,https://drive.google.com/file/d/1PYSzYVbf_acAkaWPyNJsybx6S0WAhavY/view?usp=drivesdk,
1058,763,2,ACTIVE,31/10/2025 10:49:06,,386000,https://drive.google.com/file/d/1NU44kEaXh9MSMQM2ZabyGFd2hgeAjcUn/view?usp=drivesdk,
1059,764,3,ACTIVE,31/10/2025 11:22:12,,386000,https://drive.google.com/file/d/1A3y0HKLjMxkuNIaDz3ts9P_aDVPgiS-b/view?usp=drivesdk,
1060,765,1,ACTIVE,31/10/2025 22:54:41,,1000000,https://drive.google.com/file/d/14jXsH9pMZURZviCzwVrv01XuKYg9Ywo2/view?usp=drivesdk,
1061,719,1,ACTIVE,01/11/2025 13:43:12,,614000,https://drive.google.com/file/d/19A3rrLDSt_1E3t-HJB21VFLo6Yjk7mMM/view?usp=drivesdk,
1062,766,6,ACTIVE,02/11/2025 12:17:02,,0,Miễn phí,
1064,767,2,ACTIVE,02/11/2025 22:37:25,,386000,https://drive.google.com/file/d/1QPfPuQM2F58IdQ0jUYXSQCoCPStbxFV9/view?usp=drivesdk,
1065,768,3,ACTIVE,03/11/2025 6:01:57,,386000,https://drive.google.com/file/d/1LLjRnHyU1LCAT5Kv8LzKeqU6yOrN417j/view?usp=drivesdk,
1066,769,2,ACTIVE,03/11/2025 6:26:00,,386000,https://drive.google.com/file/d/175UtrwnUfzfMxfLdxvVXzP9sLySC2S2l/view?usp=drivesdk,
1069,770,3,ACTIVE,03/11/2025 9:36:04,,386000,https://drive.google.com/file/d/1rOE4j8iB2fbjYxUSejw2N-12kH7B-_7R/view?usp=drivesdk,
1071,681,1,ACTIVE,03/11/2025 10:14:18,,1000000,https://drive.google.com/file/d/17n4xiQGynRSJM1hD94O3nYJSR0snA_uq/view?usp=drivesdk,
1072,660,2,ACTIVE,03/11/2025 10:24:58,,0,"Bạn được miễn cọc theo chính sách dành cho học viên lớp ""Video ra đơn"".",
1073,660,1,ACTIVE,03/11/2025 10:37:27,,1000000,https://drive.google.com/file/d/1DuQYvFdWPQeUxQwS0ojngYTCyMatgdLd/view?usp=drivesdk,
1076,754,3,ACTIVE,03/11/2025 13:45:52,,0,Bảo lưu,
1077,771,3,ACTIVE,03/11/2025 14:04:59,,386000,https://drive.google.com/file/d/17liDJ-bL6aeJcCi2h_WoXd0pNSJMvxhz/view?usp=drivesdk,
1078,772,1,ACTIVE,03/11/2025 14:07:24,,1000000,https://drive.google.com/file/d/12ABGy8fyypeK2jM913FUD4ybZVCxpvNZ/view?usp=drivesdk,
1079,772,2,ACTIVE,03/11/2025 15:07:24,,0,no_link.com,
1081,773,3,ACTIVE,03/11/2025 16:32:35,,386000,https://drive.google.com/file/d/1T_JWrsG0sIKvcU0ixqbYQVhv8wBvALY0/view?usp=drivesdk,
1082,774,6,ACTIVE,03/11/2025 18:25:21,,386000,https://drive.google.com/file/d/1PTd2K_IKbsH64MqRn5-xsb-LWtowU2Tf/view?usp=drivesdk,
1083,775,3,ACTIVE,03/11/2025 19:35:24,,386000,https://drive.google.com/file/d/1WV77DL-_8-XcPHiIWY6iFeBpfuGzgjG1/view?usp=drivesdk,
1084,776,2,ACTIVE,03/11/2025 19:57:21,,386000,https://drive.google.com/file/d/1Dg4MTd_D-LyQmxkSM99bHukQ2GyFEuAm/view?usp=drivesdk,
1085,777,3,ACTIVE,03/11/2025 20:14:40,,386000,https://drive.google.com/file/d/1Lgi_P2li5ahoApu0xklEBtzXXbfDjRpz/view?usp=drivesdk,
1088,400,1,ACTIVE,04/11/2025 12:17:22,,1000000,https://drive.google.com/file/d/1WmUnyVGV7syo_EV5AedUWMUKDPFZI3SD/view?usp=drivesdk,
1089,778,3,ACTIVE,04/11/2025 20:22:32,,386000,https://drive.google.com/file/d/1Ab5I9eZqtYtnRz5hiKxqJbPgKr0BM2NW/view?usp=drivesdk,
1090,779,6,ACTIVE,05/11/2025 9:50:57,,0,Miễn phí,
1091,780,3,ACTIVE,05/11/2025 10:50:57,,386000,https://drive.google.com/file/d/10xrcQebmbVJxO4vvwLudJN8ivGHxQgrV/view?usp=drivesdk,
1092,781,3,ACTIVE,05/11/2025 11:50:18,,386000,https://drive.google.com/file/d/1rl4Oi2oZwrWRGyBZL-RLRTAD7LYL-hFU/view?usp=drivesdk,
1093,782,3,ACTIVE,05/11/2025 13:50:05,,386000,https://drive.google.com/file/d/16xb3ebsHDYvRtCzZU9JdD2QWjuOGpExZ/view?usp=drivesdk,
1094,783,2,ACTIVE,05/11/2025 18:12:48,,386000,https://drive.google.com/file/d/1EKg_SXWAGxZPakb8FP6ZBvaf4QX5X9qa/view?usp=drivesdk,
1095,784,1,ACTIVE,05/11/2025 23:17:28,,1000000,https://drive.google.com/file/d/11oF_8bpWJifJOYieA_zy75n1pUjtH2Qn/view?usp=drivesdk,
1096,785,6,ACTIVE,06/11/2025 19:41:42,,0,Miễn phí,
1098,785,3,ACTIVE,07/11/2025 8:52:47,,386000,https://drive.google.com/file/d/1PSqWm2YUWwRuqyxRHT04gpzmF8Egi3wS/view?usp=drivesdk,
1100,786,3,ACTIVE,09/11/2025 21:44:11,,386000,https://drive.google.com/file/d/1g4cLSaiqza5e0tA_r4-QHOqbWyfZP4vN/view?usp=drivesdk,
1101,787,3,ACTIVE,10/11/2025 4:09:40,,386000,https://drive.google.com/file/d/15wpw1qgXDB6Z_lZ3IJFFNO1bkUve8odM/view?usp=drivesdk,
1102,788,2,ACTIVE,10/11/2025 6:40:56,,386000,https://drive.google.com/file/d/1OfBbu3fXuEG1DdYomFWEVbRmlPJtRkWM/view?usp=drivesdk,
1103,789,6,ACTIVE,10/11/2025 14:16:56,,0,Miễn phí,
1104,790,6,ACTIVE,10/11/2025 17:44:59,,0,Miễn phí,
1105,791,1,ACTIVE,10/11/2025 20:21:37,,1000000,https://drive.google.com/file/d/1Lta5kBpa40tWUChBrOcVEm_CrsQubNyo/view?usp=drivesdk,
1106,437,2,ACTIVE,10/11/2025 22:29:54,,386000,https://drive.google.com/file/d/1XpebrFKzGJnrbVut0MNnf3HRGT43xadG/view?usp=drivesdk,
1107,792,2,ACTIVE,12/11/2025 14:54:19,,386000,https://drive.google.com/file/d/1o3LjvRWLsdN7ueGjwNssV43kmgTUu1iA/view?usp=drivesdk,
1108,775,1,ACTIVE,13/11/2025 17:19:02,,1000000,https://drive.google.com/file/d/1gBJ69BE9p9pxfh32ueNUv7maUqatb24z/view?usp=drivesdk,
1109,793,1,ACTIVE,14/11/2025 14:10:16,,1000000,https://drive.google.com/file/d/1Ef_bKuySqUFZYYO8IvnFHf7QC8-2vClE/view?usp=drivesdk,
1110,794,6,ACTIVE,15/11/2025 9:03:12,,0,Miễn phí,
1111,795,6,ACTIVE,15/11/2025 22:33:33,,0,Miễn phí,
1112,750,1,ACTIVE,18/11/2025 11:56:32,,1000000,https://drive.google.com/file/d/1CsK6Rmpjg5GX4iUNoTC1dpl8EWJag77i/view?usp=drivesdk,
1113,796,3,ACTIVE,18/11/2025 12:28:23,,386000,https://drive.google.com/file/d/15N9eudH-Wp8DkSojgNov0wElSFx4FBnf/view?usp=drivesdk,
1114,761,1,ACTIVE,18/11/2025 13:32:03,,1000000,https://drive.google.com/file/d/1TWBFwSiuxkHQuknq2PwbEUXlzNjFnwuB/view?usp=drivesdk,
1115,797,3,ACTIVE,19/11/2025 18:18:03,,386000,https://drive.google.com/file/d/1Ni6Y6P_eRH8WGns5juZfXPBBdgiHtmpZ/view?usp=drivesdk,
1116,759,1,ACTIVE,21/11/2025 15:43:56,,1000000,https://drive.google.com/file/d/1CiOVPKZ6CettRfG9_mQY8XVRVd1ax_oB/view?usp=drivesdk,
1117,543,2,ACTIVE,23/11/2025 21:49:35,,0,Bạn được miễn cọc vì đang tham gia Lộ trình 86 ngày.,
1118,798,6,ACTIVE,24/11/2025 4:30:28,,0,Miễn phí,
1119,799,3,ACTIVE,24/11/2025 14:34:11,,386000,https://drive.google.com/file/d/1OVllYfemRCIqXU63gE1M5iG-GcMZZ3Wo/view?usp=drivesdk,
1120,798,3,ACTIVE,24/11/2025 15:30:24,,386000,https://drive.google.com/file/d/1jS_PsYr9C3emgwOwPcWXdcrgpuVt1n-M/view?usp=drivesdk,
1121,736,6,ACTIVE,25/11/2025 3:53:08,,0,no_link.com,
1124,771,1,ACTIVE,26/11/2025 9:53:16,,614000,https://drive.google.com/file/d/1O1Prp35Qf8lpFRONVzqNg38fVKc_tV14/view?usp=drivesdk,
1125,800,2,ACTIVE,26/11/2025 12:19:12,,386000,https://drive.google.com/file/d/1zP2RXTFQ7BezZvQrdfllrfZRMrp8nVIc/view?usp=drivesdk,
1126,801,3,ACTIVE,26/11/2025 20:24:21,,386000,https://drive.google.com/file/d/1LEiFZHe88RbgR_-lpEJ63r6B9a8iZG9a/view?usp=drivesdk,
1127,802,1,ACTIVE,27/11/2025 9:02:43,,1000000,https://drive.google.com/file/d/1u7enjnLPjI8l1uubol1XF-aCcqxDnuan/view?usp=drivesdk,
1128,802,3,ACTIVE,29/11/2025 9:11:14,,0,Bạn được miễn cọc vì đang tham gia Lộ trình 86 ngày.,
1129,803,6,ACTIVE,29/11/2025 20:04:38,,0,Miễn phí,
1130,274,4,ACTIVE,30/11/2025 19:06:05,,0,no_link.com,
1131,582,6,ACTIVE,30/11/2025 19:44:09,,0,Bạn được miễn cọc vì đang tham gia Lộ trình 86 ngày.,
1132,804,2,ACTIVE,01/12/2025 7:36:55,,386000,https://drive.google.com/file/d/16KIxfbwfPFzh31IP7aKR8QpqpACNsIgk/view?usp=drivesdk,
1133,765,3,ACTIVE,01/12/2025 7:50:32,,0,Bạn được miễn cọc vì đang tham gia Lộ trình 86 ngày.,
1134,496,1,ACTIVE,01/12/2025 8:31:41,,1686000,https://drive.google.com/file/d/1jpcUsbPbt4HAtCZWgMCmWphAz__C9n-6/view?usp=drivesdk,
1135,805,3,ACTIVE,01/12/2025 10:04:57,,386000,https://drive.google.com/file/d/1-N6y2381LYvEyLA09Xlh_TNtLM0l1vJz/view?usp=drivesdk,
1136,791,3,ACTIVE,01/12/2025 10:28:59,,0,Bạn được miễn cọc vì đang tham gia Lộ trình 86 ngày.,
1137,791,4,ACTIVE,01/12/2025 10:29:46,,0,Bạn được miễn cọc vì đang tham gia Lộ trình 86 ngày.,
1138,806,2,ACTIVE,01/12/2025 11:44:52,,386000,https://drive.google.com/file/d/1UwzoyGBN8GAFqup8gSWw2hjaKnlFBBfg/view?usp=drivesdk,
1140,360,4,ACTIVE,01/12/2025 12:40:07,,0,Bạn được miễn cọc vì đang tham gia Lộ trình 86 ngày.,
1141,807,4,ACTIVE,01/12/2025 13:25:13,,386000,https://drive.google.com/file/d/16VGyC9HheMtoswAJA4EkhIlGnI0hUL0A/view?usp=drivesdk,
1142,216,4,ACTIVE,01/12/2025 16:34:16,,386000,https://drive.google.com/file/d/1cB801wxKXituwBATkxhfmdi-ZNOee4X4/view?usp=drivesdk,
1143,771,4,ACTIVE,01/12/2025 16:49:11,,0,Bạn được miễn cọc vì đang tham gia Lộ trình 86 ngày.,
1144,717,4,ACTIVE,01/12/2025 18:06:01,,0,Bạn được miễn cọc vì đang tham gia Lộ trình 86 ngày.,
1145,808,3,ACTIVE,01/12/2025 19:32:17,,386000,https://drive.google.com/file/d/1MPio_YO_cSc2MmX2LaMlKiLsRyoXeg0s/view?usp=drivesdk,
1146,734,4,ACTIVE,02/12/2025 8:51:19,,0,Bạn được miễn cọc vì đang tham gia Lộ trình 86 ngày.,
1147,759,4,ACTIVE,02/12/2025 9:10:18,,0,Bạn được miễn cọc vì đang tham gia Lộ trình 86 ngày.,
1148,621,4,ACTIVE,02/12/2025 10:40:47,,386000,https://drive.google.com/file/d/1p2CVRR_xRJsJs1z3nbZP7sc8B8I_l7tf/view?usp=drivesdk,
1149,13,4,ACTIVE,02/12/2025 11:06:50,,386000,https://drive.google.com/file/d/1w1zPb1bBoZnfQjh221t2KX6CgTy1tKnt/view?usp=drivesdk,
1150,196,4,ACTIVE,02/12/2025 12:01:49,,386000,https://drive.google.com/file/d/1qj4WF_aLNDFJIJcZzf8Flo44aFZcz8Mb/view?usp=drivesdk,
1151,778,4,ACTIVE,02/12/2025 13:12:29,,386000,https://drive.google.com/file/d/1dwZiiO91G0a-5pyfrWK3w_gIQ223OL67/view?usp=drivesdk,
1152,681,4,ACTIVE,02/12/2025 16:26:38,,0,Bạn được miễn cọc vì đang tham gia Lộ trình 86 ngày.,
1155,520,4,ACTIVE,02/12/2025 21:04:26,,0,Bạn được miễn cọc vì đang tham gia Lộ trình 86 ngày.,
1157,809,3,ACTIVE,03/12/2025 13:45:47,,386000,https://drive.google.com/file/d/1DAmt9vWUnghrl_b_LbyIsafof_1YWIw7/view?usp=drivesdk,
1158,793,2,ACTIVE,03/12/2025 20:14:01,,0,Bạn được miễn cọc vì đang tham gia Lộ trình 86 ngày.,
1160,810,3,ACTIVE,05/12/2025 14:21:07,,386000,https://drive.google.com/file/d/1yATaqMOFqO4cWeoaFlaUPI9qFF4t6H9f/view?usp=drivesdk,
1162,561,2,ACTIVE,10/12/2025 0:06:25,,0,https://drive.google.com/file/d/1MdQJELyxwHpt0hQGFr45oActL6KagpKQ/view?usp=drivesdk,
1163,561,1,ACTIVE,10/12/2025 11:33:13,,1686000,https://drive.google.com/file/d/1-JBZnNiqtfcpsi_VIc7bhw814MGCjPTP/view?usp=drivesdk,
1164,256,1,ACTIVE,11/12/2025 13:11:00,,1686000,https://drive.google.com/file/d/1fi4CXLr4BgcoN-tj6eiccBdFypd17_XQ/view?usp=drivesdk,
1165,811,2,ACTIVE,11/12/2025 23:00:48,,386868,https://drive.google.com/file/d/1WtTFj6mSKGfaYHL_ZvFmlXGUBkH12vdQ/view?usp=drivesdk,
1166,812,1,ACTIVE,13/12/2025 17:33:36,,1686000,https://drive.google.com/file/d/15nOnEtm0XVTYwCHWu8hVO-MJ4aVgBpWi/view?usp=drivesdk,
1167,813,3,ACTIVE,14/12/2025 8:40:59,,386868,https://drive.google.com/file/d/1Yuzd-f8Fo2KiyFyG4yBUgsC3Dm4W_YFm/view?usp=drivesdk,
1168,814,2,ACTIVE,14/12/2025 13:53:05,,386868,https://drive.google.com/file/d/1piMEvwxZ4w1zYhLal4Ep2E98L48V92bs/view?usp=drivesdk,
1169,812,4,ACTIVE,14/12/2025 20:03:25,,0,Bạn được miễn cọc vì đang tham gia Lộ trình 86 ngày.,
1170,812,3,ACTIVE,14/12/2025 20:05:48,,0,Bạn được miễn cọc vì đang tham gia Lộ trình 86 ngày.,
1172,607,4,ACTIVE,15/12/2025 16:10:19,,0,Bạn được miễn cọc vì đang tham gia Lộ trình 86 ngày.,
1173,769,1,ACTIVE,15/12/2025 17:55:36,,1700000,https://drive.google.com/file/d/1JkCI1O5Xus4qRW3wIFh1edHuLxC7C5yJ/view?usp=drivesdk,
1174,765,4,ACTIVE,15/12/2025 20:16:14,,0,Bạn được miễn cọc vì đang tham gia Lộ trình 86 ngày.,
1175,815,1,ACTIVE,15/12/2025 22:29:00,,1686000,https://drive.google.com/file/d/1VBuCmftJoe6Sj760XGM2ahaAGBJ95zz8/view?usp=drivesdk,
1176,588,1,ACTIVE,16/12/2025 9:05:24,,1686000,https://drive.google.com/file/d/1FBOxKEHfNr9me7a1oqPe1H24iReGILkF/view?usp=drivesdk,
1178,588,4,ACTIVE,16/12/2025 9:09:11,,0,no_link.com,
1179,816,4,ACTIVE,16/12/2025 16:27:40,,386868,https://drive.google.com/file/d/1tj0VmuP-3-CG58MiPP7fhqTxESMWfmbd/view?usp=drivesdk,
1180,817,3,ACTIVE,16/12/2025 18:39:32,,386868,https://drive.google.com/file/d/1v8wKMD5MwECaTAN7aGKHbO9pBHRAmce0/view?usp=drivesdk,
1181,818,1,ACTIVE,16/12/2025 21:07:10,,1686000,https://drive.google.com/file/d/1up0oHhdsWVeZ4xP32cztuc7rxrgtlJN1/view?usp=drivesdk,
1182,783,1,ACTIVE,16/12/2025 21:48:23,,1686000,https://drive.google.com/file/d/1MFMf1PhSrBTnNRO0W30oM-5kKKTgjnsM/view?usp=drivesdk,
1183,819,1,ACTIVE,17/12/2025 9:49:17,,1686000,https://drive.google.com/file/d/1QinQCmfvmcUiefMtSeKhcYxhGbiHORXH/view?usp=drivesdk,
1184,796,1,ACTIVE,17/12/2025 15:49:17,,1686000,https://drive.google.com/file/d/1XhLOsErwFHf9kc2Hrcz3KLPOiH5Fuk9s/view?usp=drivesdk,
1185,806,1,ACTIVE,18/12/2025 8:23:24,,0,được miễn,
1186,806,3,ACTIVE,18/12/2025 8:25:04,,0,no_link.com,
1187,437,1,ACTIVE,18/12/2025 19:52:57,,1686000,https://drive.google.com/file/d/1tuw8RrW-F2h2duLDS1Y-Amr5qVabqyVh/view?usp=drivesdk,
1188,800,1,ACTIVE,19/12/2025 11:57:11,,1686000,https://drive.google.com/file/d/1Hf9knpDjv-sa1HH6Wc-AHRJ5_9VC6Slg/view?usp=drivesdk,
1189,820,1,ACTIVE,19/12/2025 18:34:59,,1686000,https://drive.google.com/file/d/1lzTGlTMdjZJSsSUSfx_JWbVPWw6qXXWf/view?usp=drivesdk,
1190,821,3,ACTIVE,20/12/2025 16:24:50,,386868,https://drive.google.com/file/d/1MxmI8QEKOdskQ3p98YfPwwvhvJdr1nhB/view?usp=drivesdk,
1191,822,3,ACTIVE,21/12/2025 22:15:17,,386868,https://drive.google.com/file/d/1wQnA6z82-mym2DYxMLSy0fpe8V3Fjo3f/view?usp=drivesdk,
1192,823,3,ACTIVE,21/12/2025 22:58:37,,100000,Chờ bổ sung ảnh,
1194,470,4,ACTIVE,22/12/2025 8:47:06,,386868,https://drive.google.com/file/d/1QrnnsOpphGxnL2HSDZ9wOY610cBQurtJ/view?usp=drivesdk,
1195,824,3,ACTIVE,22/12/2025 9:03:27,,386868,https://drive.google.com/file/d/1lCc0I6VxUiu6JZMUJOSR2dxsw6I48oEi/view?usp=drivesdk,
1196,825,3,ACTIVE,22/12/2025 16:29:14,,386868,https://drive.google.com/file/d/1h_Ra6p03cW4xmSgqOKkVWdgD5Pg9FNye/view?usp=drivesdk,
1197,826,3,ACTIVE,22/12/2025 16:49:50,,386868,https://drive.google.com/file/d/1svNsiaL2GuXOuyasaWIuNlIT_FEyBPmm/view?usp=drivesdk,
1198,827,3,ACTIVE,22/12/2025 18:19:38,,386000,https://drive.google.com/file/d/13fAWeNMcr4EQl6obOlzBUyO6LW3qEnGu/view?usp=drivesdk,
1199,602,2,ACTIVE,22/12/2025 20:09:18,,387000,https://drive.google.com/file/d/17Wxxln73Qf1CSsFErG5aWGm91_cNnR6a/view?usp=drivesdk,
1200,256,4,ACTIVE,23/12/2025 17:57:27,,0,Bạn được miễn cọc vì đang tham gia Lộ trình 86 ngày.,
1201,820,3,ACTIVE,24/12/2025 9:40:34,,0,Bạn được miễn cọc vì đang tham gia Lộ trình 86 ngày.,
1202,369,1,ACTIVE,24/12/2025 13:01:27,,1686000,https://drive.google.com/file/d/1ukwLn8yHhAVYniknjyhJHGENgDkFPpJ2/view?usp=drivesdk,
1203,819,4,ACTIVE,24/12/2025 13:10:50,,0,Bạn được miễn cọc vì đang tham gia Lộ trình 86 ngày.,
1205,819,2,ACTIVE,24/12/2025 15:45:13,,0,Bạn được miễn cọc vì đang tham gia Lộ trình 86 ngày.,
1206,828,3,ACTIVE,26/12/2025 14:34:45,,386868,https://drive.google.com/file/d/1o6k-f9ONpGVzAw0hOxhIGLr7plej4yTQ/view?usp=drivesdk,
1207,812,2,ACTIVE,28/12/2025 0:28:40,,0,Bạn được miễn cọc vì đang tham gia Lộ trình 86 ngày.,
1208,768,2,ACTIVE,29/12/2025 10:30:25,,386868,https://drive.google.com/file/d/1xe81JOOwA9cHbBkYSC0R27xoNCPPft1V/view?usp=drivesdk,
1209,829,2,ACTIVE,30/12/2025 10:33:21,,0,Chờ bổ sung ảnh,
1211,828,1,ACTIVE,30/12/2025 21:39:12,,1686000,https://drive.google.com/file/d/1fKRN4KqWGSJt1m9QhHsYCjc5EduU_n1f/view?usp=drivesdk,
1212,830,2,ACTIVE,31/12/2025 15:04:15,,386868,https://drive.google.com/file/d/1vh9r_XVf3VmZuh0a2enzQY04eHY64_WN/view?usp=drivesdk,
1214,768,1,ACTIVE,31/12/2025 23:22:31,,1686000,https://drive.google.com/file/d/1rLSmKvdVgVT1qY1NmYYsWzHVrBvl92KV/view?usp=drivesdk,
1215,831,2,ACTIVE,01/01/2026 21:43:08,,386868,https://drive.google.com/file/d/1OUqIDgtHPwSj243sgaY9Cj5PmBdPyETk/view?usp=drivesdk,
1216,832,3,ACTIVE,04/01/2026 18:14:01,,386868,https://drive.google.com/file/d/1roLRyzcwVt4nfpy5q9SwUUUQQBWCvuMn/view?usp=drivesdk,
1217,833,1,ACTIVE,05/01/2026 13:10:21,,1686000,https://drive.google.com/file/d/1W6oee0NtzXHgXQtkmoyHOagkK1xnS9J2/view?usp=drivesdk,
1218,829,1,ACTIVE,05/01/2026 22:45:19,,1686000,https://drive.google.com/file/d/1DchBs4uK33bqEAlYBet_lBnszvfjHUoj/view?usp=drivesdk,
1219,834,2,ACTIVE,10/01/2026 6:01:58,,386868,https://drive.google.com/file/d/1QAcvIzVA6kiR4KikuMZxgx0PicSsVS8T/view?usp=drivesdk,
1220,835,3,ACTIVE,12/01/2026 16:11:35,,386868,https://drive.google.com/file/d/1RoVtsPRX5vZ7zH6eUHBwRDhCAEPAjMrP/view?usp=drivesdk,
1221,836,1,ACTIVE,13/01/2026 7:25:01,,1686000,https://drive.google.com/file/d/1xuaQA8Fxrp9ftPokOpqbot8tTp_mUNyy/view?usp=drivesdk,
1222,837,5,ACTIVE,16/01/2026 15:31:46,,0,Chờ bổ sung ảnh,
1223,838,3,ACTIVE,21/01/2026 19:09:36,,386000,https://drive.google.com/file/d/1fmTHs0cimrcru--DsvP_bzceh6BqD5lY/view?usp=drivesdk,
1224,834,1,ACTIVE,22/01/2026 10:53:43,,1686000,https://drive.google.com/file/d/1Ul_n9gb4Nnyp9dtpHqcU3rpNqRmzrJgf/view?usp=drivesdk,
1225,7,3,ACTIVE,15/02/2026 11:16:56,,0,no_link.com,
